cohort,feature,level,outcome,n_group,n_classifiable,positives,rate,wilson95_low,wilson95_high,interpretation_scope
healthy_ovulatory,age,"(17.999, 23.4]",label_A_windowed_any,10105,10027,1182,0.11788171935773412,0.111715827563476,0.12434028682546341,Association between simulator inputs/realizations and simulated classification
healthy_ovulatory,age,"(17.999, 23.4]",label_A_windowed_C1_or_C2,10105,10027,1182,0.11788171935773412,0.111715827563476,0.12434028682546341,Association between simulator inputs/realizations and simulated classification
healthy_ovulatory,age,"(23.4, 28.8]",label_A_windowed_any,9903,9827,1179,0.11997557749058715,0.11369923059644824,0.12654891791799439,Association between simulator inputs/realizations and simulated classification
healthy_ovulatory,age,"(23.4, 28.8]",label_A_windowed_C1_or_C2,9903,9827,1179,0.11997557749058715,0.11369923059644824,0.12654891791799439,Association between simulator inputs/realizations and simulated classification
healthy_ovulatory,age,"(28.8, 34.2]",label_A_windowed_any,10007,9925,1116,0.1124433249370277,0.10637756950692032,0.11880897094633594,Association between simulator inputs/realizations and simulated classification
healthy_ovulatory,age,"(28.8, 34.2]",label_A_windowed_C1_or_C2,10007,9925,1116,0.1124433249370277,0.10637756950692032,0.11880897094633594,Association between simulator inputs/realizations and simulated classification
healthy_ovulatory,age,"(34.2, 39.6]",label_A_windowed_any,10024,9945,1117,0.11231774761186526,0.10626102007104843,0.11867385984269391,Association between simulator inputs/realizations and simulated classification
healthy_ovulatory,age,"(34.2, 39.6]",label_A_windowed_C1_or_C2,10024,9945,1117,0.11231774761186526,0.10626102007104843,0.11867385984269391,Association between simulator inputs/realizations and simulated classification
healthy_ovulatory,age,"(39.6, 45.0]",label_A_windowed_any,9961,9881,1188,0.12023074587592349,0.11396519654145501,0.1267914679670135,Association between simulator inputs/realizations and simulated classification
healthy_ovulatory,age,"(39.6, 45.0]",label_A_windowed_C1_or_C2,9961,9881,1188,0.12023074587592349,0.11396519654145501,0.1267914679670135,Association between simulator inputs/realizations and simulated classification
healthy_ovulatory,seizure_days_per_month,"(-0.001, 0.75]",label_A_windowed_any,10252,9857,3243,0.32900476818504615,0.3197974671027745,0.33834529748000036,Association between simulator inputs/realizations and simulated classification
healthy_ovulatory,seizure_days_per_month,"(-0.001, 0.75]",label_A_windowed_C1_or_C2,10252,9857,3243,0.32900476818504615,0.3197974671027745,0.33834529748000036,Association between simulator inputs/realizations and simulated classification
healthy_ovulatory,seizure_days_per_month,"(0.75, 1.722]",label_A_windowed_any,9862,9862,1269,0.12867572500506996,0.1222114984315245,0.13542911635335278,Association between simulator inputs/realizations and simulated classification
healthy_ovulatory,seizure_days_per_month,"(0.75, 1.722]",label_A_windowed_C1_or_C2,9862,9862,1269,0.12867572500506996,0.1222114984315245,0.13542911635335278,Association between simulator inputs/realizations and simulated classification
healthy_ovulatory,seizure_days_per_month,"(1.722, 3.083]",label_A_windowed_any,9955,9955,491,0.04932194876946258,0.0452393843180698,0.05375219646942428,Association between simulator inputs/realizations and simulated classification
healthy_ovulatory,seizure_days_per_month,"(1.722, 3.083]",label_A_windowed_C1_or_C2,9955,9955,491,0.04932194876946258,0.0452393843180698,0.05375219646942428,Association between simulator inputs/realizations and simulated classification
healthy_ovulatory,seizure_days_per_month,"(3.083, 4.0]",label_A_windowed_any,10108,10108,525,0.05193905817174515,0.04778080735355705,0.05643774305710174,Association between simulator inputs/realizations and simulated classification
healthy_ovulatory,seizure_days_per_month,"(3.083, 4.0]",label_A_windowed_C1_or_C2,10108,10108,525,0.05193905817174515,0.04778080735355705,0.05643774305710174,Association between simulator inputs/realizations and simulated classification
healthy_ovulatory,seizure_days_per_month,"(4.0, 7.583]",label_A_windowed_any,9823,9823,254,0.025857680952865725,0.022899603154331694,0.02918645735306145,Association between simulator inputs/realizations and simulated classification
healthy_ovulatory,seizure_days_per_month,"(4.0, 7.583]",label_A_windowed_C1_or_C2,9823,9823,254,0.025857680952865725,0.022899603154331694,0.02918645735306145,Association between simulator inputs/realizations and simulated classification
healthy_ovulatory,seizures_per_month,"(-0.001, 0.806]",label_A_windowed_any,10033,9638,3191,0.3310852874040257,0.3217589316561073,0.3405462396220102,Association between simulator inputs/realizations and simulated classification
healthy_ovulatory,seizures_per_month,"(-0.001, 0.806]",label_A_windowed_C1_or_C2,10033,9638,3191,0.3310852874040257,0.3217589316561073,0.3405462396220102,Association between simulator inputs/realizations and simulated classification
healthy_ovulatory,seizures_per_month,"(0.806, 2.0]",label_A_windowed_any,10075,10075,1307,0.12972704714640199,0.12330692797017982,0.13642941866414882,Association between simulator inputs/realizations and simulated classification
healthy_ovulatory,seizures_per_month,"(0.806, 2.0]",label_A_windowed_C1_or_C2,10075,10075,1307,0.12972704714640199,0.12330692797017982,0.13642941866414882,Association between simulator inputs/realizations and simulated classification
healthy_ovulatory,seizures_per_month,"(2.0, 4.028]",label_A_windowed_any,9945,9945,450,0.04524886877828054,0.04133644949728288,0.04951246618418509,Association between simulator inputs/realizations and simulated classification
healthy_ovulatory,seizures_per_month,"(2.0, 4.028]",label_A_windowed_C1_or_C2,9945,9945,450,0.04524886877828054,0.04133644949728288,0.04951246618418509,Association between simulator inputs/realizations and simulated classification
healthy_ovulatory,seizures_per_month,"(4.028, 8.694]",label_A_windowed_any,9969,9969,105,0.010532651218778213,0.008708751797305786,0.012733628461487704,Association between simulator inputs/realizations and simulated classification
healthy_ovulatory,seizures_per_month,"(4.028, 8.694]",label_A_windowed_C1_or_C2,9969,9969,105,0.010532651218778213,0.008708751797305786,0.012733628461487704,Association between simulator inputs/realizations and simulated classification
healthy_ovulatory,seizures_per_month,"(8.694, 263.444]",label_A_windowed_any,9978,9978,729,0.07306073361395068,0.06811722321966569,0.07833285463935526,Association between simulator inputs/realizations and simulated classification
healthy_ovulatory,seizures_per_month,"(8.694, 263.444]",label_A_windowed_C1_or_C2,9978,9978,729,0.07306073361395068,0.06811722321966569,0.07833285463935526,Association between simulator inputs/realizations and simulated classification
healthy_ovulatory,mean_cycle_length,"(22.019, 27.317]",label_A_windowed_any,10036,9947,1152,0.11581381321001306,0.10967298925733779,0.12225126241235001,Association between simulator inputs/realizations and simulated classification
healthy_ovulatory,mean_cycle_length,"(22.019, 27.317]",label_A_windowed_C1_or_C2,10036,9947,1152,0.11581381321001306,0.10967298925733779,0.12225126241235001,Association between simulator inputs/realizations and simulated classification
healthy_ovulatory,mean_cycle_length,"(27.317, 28.579]",label_A_windowed_any,10021,9947,1180,0.11862873228108978,0.11242105186111777,0.12513086458764863,Association between simulator inputs/realizations and simulated classification
healthy_ovulatory,mean_cycle_length,"(27.317, 28.579]",label_A_windowed_C1_or_C2,10021,9947,1180,0.11862873228108978,0.11242105186111777,0.12513086458764863,Association between simulator inputs/realizations and simulated classification
healthy_ovulatory,mean_cycle_length,"(28.579, 29.649]",label_A_windowed_any,10045,9962,1130,0.11343103794418792,0.10735220272286629,0.1198078888935807,Association between simulator inputs/realizations and simulated classification
healthy_ovulatory,mean_cycle_length,"(28.579, 29.649]",label_A_windowed_C1_or_C2,10045,9962,1130,0.11343103794418792,0.10735220272286629,0.1198078888935807,Association between simulator inputs/realizations and simulated classification
healthy_ovulatory,mean_cycle_length,"(29.649, 30.889]",label_A_windowed_any,9936,9867,1134,0.1149285497111584,0.10878483570540019,0.12137198205916346,Association between simulator inputs/realizations and simulated classification
healthy_ovulatory,mean_cycle_length,"(29.649, 30.889]",label_A_windowed_C1_or_C2,9936,9867,1134,0.1149285497111584,0.10878483570540019,0.12137198205916346,Association between simulator inputs/realizations and simulated classification
healthy_ovulatory,mean_cycle_length,"(30.889, 41.286]",label_A_windowed_any,9962,9882,1186,0.12001619105444242,0.11375597341010463,0.12657171834150008,Association between simulator inputs/realizations and simulated classification
healthy_ovulatory,mean_cycle_length,"(30.889, 41.286]",label_A_windowed_C1_or_C2,9962,9882,1186,0.12001619105444242,0.11375597341010463,0.12657171834150008,Association between simulator inputs/realizations and simulated classification
healthy_ovulatory,sd_cycle_length,"(1.106, 2.8]",label_A_windowed_any,10004,9927,1115,0.11231993552936435,0.10625780026172293,0.1186819964396501,Association between simulator inputs/realizations and simulated classification
healthy_ovulatory,sd_cycle_length,"(1.106, 2.8]",label_A_windowed_C1_or_C2,10004,9927,1115,0.11231993552936435,0.10625780026172293,0.1186819964396501,Association between simulator inputs/realizations and simulated classification
healthy_ovulatory,sd_cycle_length,"(2.8, 3.169]",label_A_windowed_any,9997,9918,1165,0.11746319822544868,0.11127424430729255,0.12394836719149002,Association between simulator inputs/realizations and simulated classification
healthy_ovulatory,sd_cycle_length,"(2.8, 3.169]",label_A_windowed_C1_or_C2,9997,9918,1165,0.11746319822544868,0.11127424430729255,0.12394836719149002,Association between simulator inputs/realizations and simulated classification
healthy_ovulatory,sd_cycle_length,"(3.169, 3.514]",label_A_windowed_any,9999,9914,1191,0.1201331450474077,0.11388006848506955,0.12668048783424757,Association between simulator inputs/realizations and simulated classification
healthy_ovulatory,sd_cycle_length,"(3.169, 3.514]",label_A_windowed_C1_or_C2,9999,9914,1191,0.1201331450474077,0.11388006848506955,0.12668048783424757,Association between simulator inputs/realizations and simulated classification
healthy_ovulatory,sd_cycle_length,"(3.514, 3.943]",label_A_windowed_any,10000,9937,1097,0.11039549159706148,0.10438378279025244,0.11670831166926719,Association between simulator inputs/realizations and simulated classification
healthy_ovulatory,sd_cycle_length,"(3.514, 3.943]",label_A_windowed_C1_or_C2,10000,9937,1097,0.11039549159706148,0.10438378279025244,0.11670831166926719,Association between simulator inputs/realizations and simulated classification
healthy_ovulatory,sd_cycle_length,"(3.943, 7.965]",label_A_windowed_any,10000,9909,1214,0.12251488545766474,0.11620500172019405,0.12911733788575022,Association between simulator inputs/realizations and simulated classification
healthy_ovulatory,sd_cycle_length,"(3.943, 7.965]",label_A_windowed_C1_or_C2,10000,9909,1214,0.12251488545766474,0.11620500172019405,0.12911733788575022,Association between simulator inputs/realizations and simulated classification
healthy_ovulatory,dominant_seizure_cycle_days,"(0.499, 1.0]",label_A_windowed_any,49994,49599,5782,0.11657493094618843,0.1137803547272717,0.11942889536022759,Association between simulator inputs/realizations and simulated classification
healthy_ovulatory,dominant_seizure_cycle_days,"(0.499, 1.0]",label_A_windowed_C1_or_C2,49994,49599,5782,0.11657493094618843,0.1137803547272717,0.11942889536022759,Association between simulator inputs/realizations and simulated classification
healthy_ovulatory,dominant_seizure_cycle_days,"(1.0, 7.0]",label_A_windowed_any,1,1,0,0.0,0.0,0.7934506856227626,Association between simulator inputs/realizations and simulated classification
healthy_ovulatory,dominant_seizure_cycle_days,"(1.0, 7.0]",label_A_windowed_C1_or_C2,1,1,0,0.0,0.0,0.7934506856227626,Association between simulator inputs/realizations and simulated classification
healthy_ovulatory,pcos,False,label_A_windowed_any,50000,49605,5782,0.11656083056143533,0.11376657089561068,0.11941447342333247,Association between simulator inputs/realizations and simulated classification
healthy_ovulatory,pcos,False,label_A_windowed_C1_or_C2,50000,49605,5782,0.11656083056143533,0.11376657089561068,0.11941447342333247,Association between simulator inputs/realizations and simulated classification
healthy_ovulatory,peri_menarche,False,label_A_windowed_any,50000,49605,5782,0.11656083056143533,0.11376657089561068,0.11941447342333247,Association between simulator inputs/realizations and simulated classification
healthy_ovulatory,peri_menarche,False,label_A_windowed_C1_or_C2,50000,49605,5782,0.11656083056143533,0.11376657089561068,0.11941447342333247,Association between simulator inputs/realizations and simulated classification
healthy_ovulatory,perimenopause,False,label_A_windowed_any,50000,49605,5782,0.11656083056143533,0.11376657089561068,0.11941447342333247,Association between simulator inputs/realizations and simulated classification
healthy_ovulatory,perimenopause,False,label_A_windowed_C1_or_C2,50000,49605,5782,0.11656083056143533,0.11376657089561068,0.11941447342333247,Association between simulator inputs/realizations and simulated classification
population,age,"(12.999, 21.38]",label_A_windowed_any,10000,9924,3345,0.33706166868198306,0.3278260227885502,0.3464234086297312,Association between simulator inputs/realizations and simulated classification
population,age,"(12.999, 21.38]",label_A_windowed_C1_or_C2,10000,9924,1173,0.11819830713422007,0.1119937663233854,0.12469831508902529,Association between simulator inputs/realizations and simulated classification
population,age,"(12.999, 21.38]",label_A_windowed_C3,10000,9015,2710,0.30061009428729896,0.2912315245150503,0.31015851916023973,Association between simulator inputs/realizations and simulated classification
population,age,"(21.38, 29.8]",label_A_windowed_any,10066,9985,3765,0.3770655983975964,0.367608458132068,0.38661729366098896,Association between simulator inputs/realizations and simulated classification
population,age,"(21.38, 29.8]",label_A_windowed_C1_or_C2,10066,9985,1143,0.114471707561342,0.10837452917480662,0.12086541504301239,Association between simulator inputs/realizations and simulated classification
population,age,"(21.38, 29.8]",label_A_windowed_C3,10066,6193,2968,0.47925076699499436,0.46682539168737985,0.4917018674481301,Association between simulator inputs/realizations and simulated classification
population,age,"(29.8, 38.1]",label_A_windowed_any,9954,9878,3680,0.37254504960518325,0.36306190151603335,0.3821272911569181,Association between simulator inputs/realizations and simulated classification
population,age,"(29.8, 38.1]",label_A_windowed_C1_or_C2,9954,9878,1106,0.11196598501720996,0.10589791152006764,0.1183357465541365,Association between simulator inputs/realizations and simulated classification
population,age,"(29.8, 38.1]",label_A_windowed_C3,9954,6149,2918,0.47454870710684666,0.4620873952137386,0.4870417994689418,Association between simulator inputs/realizations and simulated classification
population,age,"(38.1, 46.7]",label_A_windowed_any,10072,9972,3986,0.3997192137986362,0.39014543562447224,0.409370223454934,Association between simulator inputs/realizations and simulated classification
population,age,"(38.1, 46.7]",label_A_windowed_C1_or_C2,10072,9972,1162,0.11652627356598476,0.11037595723723337,0.12297192308241661,Association between simulator inputs/realizations and simulated classification
population,age,"(38.1, 46.7]",label_A_windowed_C3,10072,7835,3263,0.41646458200382896,0.40559242598248396,0.42741861182501745,Association between simulator inputs/realizations and simulated classification
population,age,"(46.7, 54.9]",label_A_windowed_any,9908,9828,3098,0.31522181522181525,0.30611011057069226,0.32447791149901584,Association between simulator inputs/realizations and simulated classification
population,age,"(46.7, 54.9]",label_A_windowed_C1_or_C2,9908,9828,1202,0.12230362230362231,0.11597328016072699,0.12892910856325768,Association between simulator inputs/realizations and simulated classification
population,age,"(46.7, 54.9]",label_A_windowed_C3,9908,9591,2505,0.26118235846105725,0.2524878404749584,0.27006810589884933,Association between simulator inputs/realizations and simulated classification
population,seizure_days_per_month,"(-0.001, 0.75]",label_A_windowed_any,10268,9855,5120,0.519533231861999,0.509663424970917,0.5293878166590557,Association between simulator inputs/realizations and simulated classification
population,seizure_days_per_month,"(-0.001, 0.75]",label_A_windowed_C1_or_C2,10268,9855,3224,0.3271435819381025,0.3179495263476951,0.33647234317615654,Association between simulator inputs/realizations and simulated classification
population,seizure_days_per_month,"(-0.001, 0.75]",label_A_windowed_C3,10268,5627,3062,0.5441620757064155,0.5311233053616445,0.5571405897656906,Association between simulator inputs/realizations and simulated classification
population,seizure_days_per_month,"(0.75, 1.722]",label_A_windowed_any,9882,9882,3896,0.3942521756729407,0.3846598982230558,0.40392663649876226,Association between simulator inputs/realizations and simulated classification
population,seizure_days_per_month,"(0.75, 1.722]",label_A_windowed_C1_or_C2,9882,9882,1281,0.12962962962962962,0.12315065148584746,0.1363964462001374,Association between simulator inputs/realizations and simulated classification
population,seizure_days_per_month,"(0.75, 1.722]",label_A_windowed_C3,9882,7688,3192,0.41519250780437045,0.40422283302990936,0.4262468916802087,Association between simulator inputs/realizations and simulated classification
population,seizure_days_per_month,"(1.722, 3.083]",label_A_windowed_any,9966,9966,3126,0.3136664659843468,0.30463034373944997,0.3228461798000408,Association between simulator inputs/realizations and simulated classification
population,seizure_days_per_month,"(1.722, 3.083]",label_A_windowed_C1_or_C2,9966,9966,479,0.048063415613084484,0.04403523663089207,0.05243986408093689,Association between simulator inputs/realizations and simulated classification
population,seizure_days_per_month,"(1.722, 3.083]",label_A_windowed_C3,9966,8416,2841,0.3375712927756654,0.3275444972775347,0.34774630084838015,Association between simulator inputs/realizations and simulated classification
population,seizure_days_per_month,"(3.083, 4.0]",label_A_windowed_any,10094,10094,3177,0.3147414305528036,0.30575351435237086,0.3238703002765442,Association between simulator inputs/realizations and simulated classification
population,seizure_days_per_month,"(3.083, 4.0]",label_A_windowed_C1_or_C2,10094,10094,527,0.05220923320784625,0.04803749969096223,0.056721667219570476,Association between simulator inputs/realizations and simulated classification
population,seizure_days_per_month,"(3.083, 4.0]",label_A_windowed_C3,10094,8595,2873,0.33426410703897613,0.32436721157467,0.3443090846864391,Association between simulator inputs/realizations and simulated classification
population,seizure_days_per_month,"(4.0, 7.278]",label_A_windowed_any,9790,9790,2555,0.2609805924412666,0.25237615508375855,0.2697725319582377,Association between simulator inputs/realizations and simulated classification
population,seizure_days_per_month,"(4.0, 7.278]",label_A_windowed_C1_or_C2,9790,9790,275,0.028089887640449437,0.0249974061834465,0.03155256566869984,Association between simulator inputs/realizations and simulated classification
population,seizure_days_per_month,"(4.0, 7.278]",label_A_windowed_C3,9790,8457,2396,0.283315596547239,0.2738119413875299,0.2930160132742227,Association between simulator inputs/realizations and simulated classification
population,seizures_per_month,"(-0.001, 0.806]",label_A_windowed_any,10068,9655,5013,0.5192128430864836,0.5092411760926869,0.5291692276375857,Association between simulator inputs/realizations and simulated classification
population,seizures_per_month,"(-0.001, 0.806]",label_A_windowed_C1_or_C2,10068,9655,3182,0.32957017089590884,0.32026346568454717,0.33901244084826193,Association between simulator inputs/realizations and simulated classification
population,seizures_per_month,"(-0.001, 0.806]",label_A_windowed_C3,10068,5493,2984,0.5432368468960496,0.5300382381808141,0.5563750236093318,Association between simulator inputs/realizations and simulated classification
population,seizures_per_month,"(0.806, 2.0]",label_A_windowed_any,10089,10089,3956,0.39211021905045096,0.3826263507948523,0.40167621564471057,Association between simulator inputs/realizations and simulated classification
population,seizures_per_month,"(0.806, 2.0]",label_A_windowed_C1_or_C2,10089,10089,1292,0.128060263653484,0.12168112924854788,0.13472252767792012,Association between simulator inputs/realizations and simulated classification
population,seizures_per_month,"(0.806, 2.0]",label_A_windowed_C3,10089,7822,3238,0.4139606238813603,0.4030902453483858,0.4249154704481066,Association between simulator inputs/realizations and simulated classification
population,seizures_per_month,"(2.0, 4.028]",label_A_windowed_any,9945,9945,3036,0.3052790346907994,0.29630459695233213,0.31440384422338097,Association between simulator inputs/realizations and simulated classification
population,seizures_per_month,"(2.0, 4.028]",label_A_windowed_C1_or_C2,9945,9945,446,0.044846656611362494,0.040951706170919554,0.04909309578201903,Association between simulator inputs/realizations and simulated classification
population,seizures_per_month,"(2.0, 4.028]",label_A_windowed_C3,9945,8411,2776,0.3300439900130781,0.3200743284556487,0.34016882478842,Association between simulator inputs/realizations and simulated classification
population,seizures_per_month,"(4.028, 8.639]",label_A_windowed_any,9918,9918,2334,0.235329703569268,0.22708460477053544,0.24377974820371445,Association between simulator inputs/realizations and simulated classification
population,seizures_per_month,"(4.028, 8.639]",label_A_windowed_C1_or_C2,9918,9918,131,0.013208308126638434,0.011142481547657295,0.015651078894125044,Association between simulator inputs/realizations and simulated classification
population,seizures_per_month,"(4.028, 8.639]",label_A_windowed_C3,9918,8524,2251,0.26407789770061,0.25482713117741157,0.27354121157128214,Association between simulator inputs/realizations and simulated classification
population,seizures_per_month,"(8.639, 240.75]",label_A_windowed_any,9980,9980,3535,0.35420841683366733,0.34488278886644697,0.3636462365590296,Association between simulator inputs/realizations and simulated classification
population,seizures_per_month,"(8.639, 240.75]",label_A_windowed_C1_or_C2,9980,9980,735,0.07364729458917836,0.06868522633934457,0.07893745626230672,Association between simulator inputs/realizations and simulated classification
population,seizures_per_month,"(8.639, 240.75]",label_A_windowed_C3,9980,8533,3115,0.36505332239540605,0.3549010322071294,0.37532706080490325,Association between simulator inputs/realizations and simulated classification
population,mean_cycle_length,"(21.153, 27.923]",label_A_windowed_any,10036,9953,3935,0.3953581834622727,0.38579492168992274,0.4050021891594536,Association between simulator inputs/realizations and simulated classification
population,mean_cycle_length,"(21.153, 27.923]",label_A_windowed_C1_or_C2,10036,9953,1139,0.11443785793228173,0.10833194011525513,0.12084128396970079,Association between simulator inputs/realizations and simulated classification
population,mean_cycle_length,"(21.153, 27.923]",label_A_windowed_C3,10036,7021,3175,0.45221478421877226,0.4406021083940308,0.4638797217037198,Association between simulator inputs/realizations and simulated classification
population,mean_cycle_length,"(27.923, 29.474]",label_A_windowed_any,10078,9991,3808,0.38114302872585326,0.3716672348867617,0.3907101865275616,Association between simulator inputs/realizations and simulated classification
population,mean_cycle_length,"(27.923, 29.474]",label_A_windowed_C1_or_C2,10078,9991,1127,0.11280152136923231,0.10674660723069469,0.11915407044619765,Association between simulator inputs/realizations and simulated classification
population,mean_cycle_length,"(27.923, 29.474]",label_A_windowed_C3,10078,6936,3042,0.43858131487889274,0.4269406682408252,0.4502899565428161,Association between simulator inputs/realizations and simulated classification
population,mean_cycle_length,"(29.474, 31.029]",label_A_windowed_any,9897,9818,3666,0.37339580362599306,0.36387913440940994,0.3830115061672203,Association between simulator inputs/realizations and simulated classification
population,mean_cycle_length,"(29.474, 31.029]",label_A_windowed_C1_or_C2,9897,9818,1100,0.11203911183540435,0.1059511757328774,0.11843052173806798,Association between simulator inputs/realizations and simulated classification
population,mean_cycle_length,"(29.474, 31.029]",label_A_windowed_C3,9897,7125,2955,0.4147368421052632,0.40334600051652236,0.426219573775125,Association between simulator inputs/realizations and simulated classification
population,mean_cycle_length,"(31.029, 33.576]",label_A_windowed_any,10012,9942,3487,0.3507342587004627,0.3414133570663857,0.3601704644444868,Association between simulator inputs/realizations and simulated classification
population,mean_cycle_length,"(31.029, 33.576]",label_A_windowed_C1_or_C2,10012,9942,1173,0.1179843089921545,0.11179031118475607,0.12447340451490291,Association between simulator inputs/realizations and simulated classification
population,mean_cycle_length,"(31.029, 33.576]",label_A_windowed_C3,10012,8125,2807,0.34547692307692307,0.33521242055887085,0.35588747200019893,Association between simulator inputs/realizations and simulated classification
population,mean_cycle_length,"(33.576, 56.85]",label_A_windowed_any,9977,9883,2978,0.3013255084488516,0.2923580779568523,0.31044732593718216,Association between simulator inputs/realizations and simulated classification
population,mean_cycle_length,"(33.576, 56.85]",label_A_windowed_C1_or_C2,9977,9883,1247,0.12617626226854195,0.11977474050608629,0.13286827690491984,Association between simulator inputs/realizations and simulated classification
population,mean_cycle_length,"(33.576, 56.85]",label_A_windowed_C3,9977,9576,2385,0.24906015037593984,0.24050007676886206,0.2578214747245765,Association between simulator inputs/realizations and simulated classification
population,sd_cycle_length,"(1.2160000000000002, 3.087]",label_A_windowed_any,10000,9909,3848,0.38833383792511855,0.3787828116384613,0.3979714107312694,Association between simulator inputs/realizations and simulated classification
population,sd_cycle_length,"(1.2160000000000002, 3.087]",label_A_windowed_C1_or_C2,10000,9909,1111,0.11212029468160259,0.10605769334271052,0.11848352100709482,Association between simulator inputs/realizations and simulated classification
population,sd_cycle_length,"(1.2160000000000002, 3.087]",label_A_windowed_C3,10000,5972,3058,0.5120562625586068,0.49937513542122164,0.5247218894065451,Association between simulator inputs/realizations and simulated classification
population,sd_cycle_length,"(3.087, 3.645]",label_A_windowed_any,10002,9931,4017,0.4044909878159299,0.394876982759843,0.41417885292078177,Association between simulator inputs/realizations and simulated classification
population,sd_cycle_length,"(3.087, 3.645]",label_A_windowed_C1_or_C2,10002,9931,1132,0.11398650689759339,0.10788492532560273,0.1203866045443763,Association between simulator inputs/realizations and simulated classification
population,sd_cycle_length,"(3.087, 3.645]",label_A_windowed_C3,10002,6526,3222,0.4937174379405455,0.481594716589689,0.505847551263655,Association between simulator inputs/realizations and simulated classification
population,sd_cycle_length,"(3.645, 4.464]",label_A_windowed_any,9998,9906,3842,0.38784575005047445,0.37829567987956014,0.3974827713465984,Association between simulator inputs/realizations and simulated classification
population,sd_cycle_length,"(3.645, 4.464]",label_A_windowed_C1_or_C2,9998,9906,1143,0.11538461538461539,0.10924171987980906,0.12182569611628837,Association between simulator inputs/realizations and simulated classification
population,sd_cycle_length,"(3.645, 4.464]",label_A_windowed_C3,9998,7228,3129,0.4328998339789707,0.4215159171163565,0.44435503628834117,Association between simulator inputs/realizations and simulated classification
population,sd_cycle_length,"(4.464, 6.202]",label_A_windowed_any,10000,9931,3254,0.32766085993354144,0.3184978435020894,0.3369571515083369,Association between simulator inputs/realizations and simulated classification
population,sd_cycle_length,"(4.464, 6.202]",label_A_windowed_C1_or_C2,10000,9931,1165,0.11730943510220522,0.11112808825931982,0.12378672829757477,Association between simulator inputs/realizations and simulated classification
population,sd_cycle_length,"(4.464, 6.202]",label_A_windowed_C3,10000,9243,2641,0.285729741425944,0.2766104307365773,0.2950270827171064,Association between simulator inputs/realizations and simulated classification
population,sd_cycle_length,"(6.202, 23.103]",label_A_windowed_any,10000,9910,2913,0.29394550958627647,0.28505732679153856,0.30299337817849886,Association between simulator inputs/realizations and simulated classification
population,sd_cycle_length,"(6.202, 23.103]",label_A_windowed_C1_or_C2,10000,9910,1235,0.12462159434914229,0.11826379945444655,0.13127029578969618,Association between simulator inputs/realizations and simulated classification
population,sd_cycle_length,"(6.202, 23.103]",label_A_windowed_C3,10000,9814,2314,0.2357856123904626,0.2274917004554718,0.24428628437430822,Association between simulator inputs/realizations and simulated classification
population,ovulatory_fraction,"(-0.001, 0.528]",label_A_windowed_any,10062,9978,2651,0.26568450591300863,0.2571092387153982,0.2744401232645058,Association between simulator inputs/realizations and simulated classification
population,ovulatory_fraction,"(-0.001, 0.528]",label_A_windowed_C1_or_C2,10062,9978,1213,0.12156744838645019,0.11530072964311416,0.12812544265633727,Association between simulator inputs/realizations and simulated classification
population,ovulatory_fraction,"(-0.001, 0.528]",label_A_windowed_C3,10062,9927,2053,0.2068097108894933,0.19895651895013663,0.21488972719754332,Association between simulator inputs/realizations and simulated classification
population,ovulatory_fraction,"(0.528, 0.865]",label_A_windowed_any,10005,9930,3334,0.33575025176233636,0.3265268092520128,0.3451007264276988,Association between simulator inputs/realizations and simulated classification
population,ovulatory_fraction,"(0.528, 0.865]",label_A_windowed_C1_or_C2,10005,9930,1217,0.12255790533736154,0.11625355374290694,0.12915417386442543,Association between simulator inputs/realizations and simulated classification
population,ovulatory_fraction,"(0.528, 0.865]",label_A_windowed_C3,10005,9738,2738,0.2811665639761758,0.27232506861140826,0.29018064265317023,Association between simulator inputs/realizations and simulated classification
population,ovulatory_fraction,"(0.865, 0.949]",label_A_windowed_any,10588,10488,4848,0.4622425629290618,0.45271633262072936,0.4717964420805935,Association between simulator inputs/realizations and simulated classification
population,ovulatory_fraction,"(0.865, 0.949]",label_A_windowed_C1_or_C2,10588,10488,1190,0.11346300533943554,0.10753415127300639,0.11967491094710109,Association between simulator inputs/realizations and simulated classification
population,ovulatory_fraction,"(0.865, 0.949]",label_A_windowed_C3,10588,9406,4184,0.4448224537529237,0.4348042022024463,0.4548857564921298,Association between simulator inputs/realizations and simulated classification
population,ovulatory_fraction,"(0.949, 0.975]",label_A_windowed_any,9950,9872,5032,0.5097244732576985,0.49986132627072205,0.5195800550840295,Association between simulator inputs/realizations and simulated classification
population,ovulatory_fraction,"(0.949, 0.975]",label_A_windowed_C1_or_C2,9950,9872,1137,0.1151742301458671,0.10902609730548958,0.12162173845803616,Association between simulator inputs/realizations and simulated classification
population,ovulatory_fraction,"(0.949, 0.975]",label_A_windowed_C3,9950,7695,4300,0.5588044184535412,0.5476837780002529,0.5698663761158739,Association between simulator inputs/realizations and simulated classification
population,ovulatory_fraction,"(0.975, 1.0]",label_A_windowed_any,9395,9319,2009,0.21558107093035733,0.20735000293646033,0.22404652746527443,Association between simulator inputs/realizations and simulated classification
population,ovulatory_fraction,"(0.975, 1.0]",label_A_windowed_C1_or_C2,9395,9319,1029,0.11041957291554888,0.10421613368927876,0.1169440638672192,Association between simulator inputs/realizations and simulated classification
population,ovulatory_fraction,"(0.975, 1.0]",label_A_windowed_C3,9395,2017,1089,0.5399107585523054,0.5181045451409615,0.5615652376108012,Association between simulator inputs/realizations and simulated classification
population,dominant_seizure_cycle_days,"(0.499, 1.0]",label_A_windowed_any,49999,49586,17873,0.360444480296858,0.35622946630742286,0.36468111552025423,Association between simulator inputs/realizations and simulated classification
population,dominant_seizure_cycle_days,"(0.499, 1.0]",label_A_windowed_C1_or_C2,49999,49586,5785,0.1166659944339128,0.11387009152868924,0.11952128699450262,Association between simulator inputs/realizations and simulated classification
population,dominant_seizure_cycle_days,"(0.499, 1.0]",label_A_windowed_C3,49999,38782,14363,0.37035222525914085,0.36555922549542197,0.37517090638333195,Association between simulator inputs/realizations and simulated classification
population,dominant_seizure_cycle_days,"(1.0, 7.0]",label_A_windowed_any,1,1,1,1.0,0.20654931437723745,1.0,Association between simulator inputs/realizations and simulated classification
population,dominant_seizure_cycle_days,"(1.0, 7.0]",label_A_windowed_C1_or_C2,1,1,1,1.0,0.20654931437723745,1.0,Association between simulator inputs/realizations and simulated classification
population,dominant_seizure_cycle_days,"(1.0, 7.0]",label_A_windowed_C3,1,1,1,1.0,0.20654931437723745,1.0,Association between simulator inputs/realizations and simulated classification
population,pcos,False,label_A_windowed_any,45080,44708,16563,0.3704706092869285,0.36600539819042993,0.3749580776559643,Association between simulator inputs/realizations and simulated classification
population,pcos,False,label_A_windowed_C1_or_C2,45080,44708,5161,0.1154379529390713,0.11250887538371789,0.11843311049558718,Association between simulator inputs/realizations and simulated classification
population,pcos,False,label_A_windowed_C3,45080,33921,13345,0.39341410925385456,0.3882278769288474,0.39862447995608385,Association between simulator inputs/realizations and simulated classification
population,pcos,True,label_A_windowed_any,4920,4879,1311,0.2687026029924165,0.2564497010815131,0.2813194403017685,Association between simulator inputs/realizations and simulated classification
population,pcos,True,label_A_windowed_C1_or_C2,4920,4879,625,0.12810002049600328,0.11901415190957869,0.13777105592379676,Association between simulator inputs/realizations and simulated classification
population,pcos,True,label_A_windowed_C3,4920,4862,1019,0.20958453311394487,0.19837545021784644,0.22125216734854328,Association between simulator inputs/realizations and simulated classification
population,peri_menarche,False,label_A_windowed_any,45069,44695,16449,0.36802774359548046,0.3635682298320854,0.37250994098878204,Association between simulator inputs/realizations and simulated classification
population,peri_menarche,False,label_A_windowed_C1_or_C2,45069,44695,5192,0.1161651191408435,0.11322746523037402,0.11916874728423016,Association between simulator inputs/realizations and simulated classification
population,peri_menarche,False,label_A_windowed_C3,45069,33934,13229,0.3898449932221371,0.3846685856077401,0.39504633795122623,Association between simulator inputs/realizations and simulated classification
population,peri_menarche,True,label_A_windowed_any,4931,4892,1425,0.29129190515126735,0.27872742776230414,0.30418390276679436,Association between simulator inputs/realizations and simulated classification
population,peri_menarche,True,label_A_windowed_C1_or_C2,4931,4892,594,0.1214227309893704,0.1125659396328795,0.13087361388317406,Association between simulator inputs/realizations and simulated classification
population,peri_menarche,True,label_A_windowed_C3,4931,4849,1135,0.23406888018148073,0.22236464958576216,0.24619412739379085,Association between simulator inputs/realizations and simulated classification
population,perimenopause,False,label_A_windowed_any,43402,43042,16068,0.3733097904372473,0.368751845949274,0.377890346875947,Association between simulator inputs/realizations and simulated classification
population,perimenopause,False,label_A_windowed_C1_or_C2,43402,43042,5000,0.11616560568746806,0.11317270542703431,0.1192270135653509,Association between simulator inputs/realizations and simulated classification
population,perimenopause,False,label_A_windowed_C3,43402,32289,12964,0.4014989624949673,0.3961641663375207,0.40685719342385407,Association between simulator inputs/realizations and simulated classification
population,perimenopause,True,label_A_windowed_any,6598,6545,1806,0.27593582887700535,0.2652407031139269,0.286893820459015,Association between simulator inputs/realizations and simulated classification
population,perimenopause,True,label_A_windowed_C1_or_C2,6598,6545,786,0.1200916730328495,0.11243835483591327,0.12819068905370154,Association between simulator inputs/realizations and simulated classification
population,perimenopause,True,label_A_windowed_C3,6598,6494,1400,0.21558361564521097,0.20575161840123382,0.2257519011274758,Association between simulator inputs/realizations and simulated classification
