cohort,pattern,months,n_windows,n_classifiable,positives,false_positive_rate,wilson95_low,wilson95_high
healthy_ovulatory,C1,1,50000,34611.0,10854.0,0.3135997226315333,0.3087327895558903,0.3185080280757617
healthy_ovulatory,C1,3,50000,43896.0,12354.0,0.2814379442318206,0.2772503402002304,0.2856637988405929
healthy_ovulatory,C1,4,50000,45118.0,11679.0,0.258854559155991,0.2548336139433848,0.2629165643187609
healthy_ovulatory,C1,6,50000,46699.0,10697.0,0.2290627208291398,0.2252737285880134,0.2328962839943648
healthy_ovulatory,C1,9,50000,47740.0,9548.0,0.2,0.1964360817871861,0.2036121940788102
healthy_ovulatory,C1,12,50000,48279.0,8220.0,0.1702603616479214,0.1669339118675838,0.1736392806369472
healthy_ovulatory,C1,18,50000,48859.0,6474.0,0.1325037352381342,0.1295263659443355,0.1355388875722021
healthy_ovulatory,C1,24,50000,49148.0,5441.0,0.1107064376983804,0.1079628190099238,0.1135109068105183
healthy_ovulatory,C1,36,50000,49455.0,3911.0,0.0790819937316752,0.0767361136261525,0.0814932590803729
healthy_ovulatory,C2,1,50000,35644.0,11046.0,0.309897879025923,0.3051176995916352,0.3147190297751383
healthy_ovulatory,C2,3,50000,44286.0,11268.0,0.2544370681479474,0.2504020268417077,0.2585147070277852
healthy_ovulatory,C2,4,50000,45529.0,10647.0,0.233850952140394,0.2299854697887886,0.2377613427636891
healthy_ovulatory,C2,6,50000,46911.0,9366.0,0.1996546652171132,0.1960619836588528,0.2032965322441796
healthy_ovulatory,C2,9,50000,47945.0,7902.0,0.1648138492022108,0.1615197575886382,0.1681616482154362
healthy_ovulatory,C2,12,50000,48420.0,6594.0,0.136183395291202,0.1331572604057237,0.1392672532512306
healthy_ovulatory,C2,18,50000,48945.0,4996.0,0.1020737562570232,0.0994228311771485,0.1047871390880296
healthy_ovulatory,C2,24,50000,49243.0,4051.0,0.082265499664927,0.0798711088930904,0.0847250604997964
healthy_ovulatory,C2,36,50000,49513.0,2829.0,0.0571365096035384,0.0551262388872503,0.0592154939861843
healthy_ovulatory,C3,1,50000,0.0,0.0,,,
healthy_ovulatory,C3,3,50000,0.0,0.0,,,
healthy_ovulatory,C3,4,50000,0.0,0.0,,,
healthy_ovulatory,C3,6,50000,0.0,0.0,,,
healthy_ovulatory,C3,9,50000,0.0,0.0,,,
healthy_ovulatory,C3,12,50000,0.0,0.0,,,
healthy_ovulatory,C3,18,50000,0.0,0.0,,,
healthy_ovulatory,C3,24,50000,0.0,0.0,,,
healthy_ovulatory,C3,36,50000,0.0,0.0,,,
population,C1,1,50000,33453.0,10516.0,0.3143514781932861,0.3093980798612484,0.3193475082335513
population,C1,3,50000,43455.0,12239.0,0.2816476815096076,0.2774380047699127,0.2858959598968259
population,C1,4,50000,44928.0,11814.0,0.2629540598290598,0.2589036778058632,0.2670449744540022
population,C1,6,50000,46460.0,10803.0,0.2325226000860955,0.2287035477849325,0.2363858804745186
population,C1,9,50000,47645.0,9606.0,0.2016161192150278,0.1980377071900552,0.2052426427724406
population,C1,12,50000,48255.0,8485.0,0.1758367008600145,0.1724659893119098,0.179259019944777
population,C1,18,50000,48806.0,6842.0,0.1401876818423964,0.1371358667279066,0.1432961332483418
population,C1,24,50000,49122.0,5589.0,0.1137779406375961,0.1110000032930157,0.1166162802508249
population,C1,36,50000,49400.0,4025.0,0.0814777327935222,0.0790977519934734,0.083922799060917
population,C2,1,50000,35055.0,11460.0,0.3269148480958493,0.322023548934737,0.3318440777450124
population,C2,3,50000,44139.0,11761.0,0.2664537030743786,0.2623497496785842,0.2705983044417452
population,C2,4,50000,45497.0,10892.0,0.2394004000263753,0.2355015020634224,0.243343300807733
population,C2,6,50000,46915.0,9791.0,0.2086965789193221,0.2050432671724606,0.2123975913366017
population,C2,9,50000,47922.0,8042.0,0.1678143650098076,0.1644951782454615,0.171186803940367
population,C2,12,50000,48410.0,6615.0,0.136645321214625,0.1336144819291696,0.1397338221932576
population,C2,18,50000,48915.0,5098.0,0.1042216089134212,0.1015448807231007,0.1069604958281162
population,C2,24,50000,49204.0,3956.0,0.0803999674823185,0.0780300285405555,0.082835419407309
population,C2,36,50000,49482.0,2785.0,0.0562830928418414,0.0542866777048338,0.0583483971874245
population,C3,1,50000,7636.0,4406.0,0.5770036668412781,0.5658868255441524,0.5880430702971063
population,C3,3,50000,16141.0,8648.0,0.5357784523883279,0.5280770987594205,0.5434627799656795
population,C3,4,50000,18710.0,9711.0,0.5190272581507216,0.5118648528682906,0.5261818518431253
population,C3,6,50000,21874.0,10690.0,0.4887080552253817,0.4820862701489054,0.49533380573336
population,C3,9,50000,25283.0,11683.0,0.4620891508127991,0.4559499505250055,0.4682398695787898
population,C3,12,50000,27724.0,12175.0,0.4391501947770884,0.4333171793756912,0.4450000706341657
population,C3,18,50000,31420.0,12979.0,0.4130808402291534,0.4076473676063054,0.4185355640012873
population,C3,24,50000,34372.0,13542.0,0.3939834749214477,0.3888299240094115,0.3991607202710958
population,C3,36,50000,38583.0,14293.0,0.3704481248218127,0.365642548478449,0.3752794958752291
