participant_id,label_D_C3_exploratory,d_c3_exploratory_reason,d_c3_exploratory_beta,d_c3_exploratory_rr,d_c3_exploratory_p_one_sided,d_c3_exploratory_alpha,d_c3_exploratory_n_complete_ilp_cycles,d_c3_exploratory_n_labeled_days,d_c3_exploratory_seizure_days,c3_applicable_flag,label_A_windowed_C3
population-000020,,fewer_than_required_complete_ilp_cycles,,,,,0,0,0,True,False
population-000094,False,,-0.46737712860715336,0.6266437205707437,0.9395763157601931,0.7773637722002589,16,529,65,True,False
population-000147,,fewer_than_required_complete_ilp_cycles,,,,,0,0,0,True,False
population-000164,False,,-0.11565524767865328,0.8907822696222316,0.5781470899260055,1.867606977751701,15,528,22,True,False
population-000278,False,,0.19856374622403955,1.2196497730039104,0.27474023894221555,5.271078573143512,21,758,89,True,False
population-000429,,fewer_than_required_complete_ilp_cycles,,,,,0,0,0,False,
population-000607,,fewer_than_required_complete_ilp_cycles,,,,,0,0,0,False,
population-000632,,fewer_than_required_complete_ilp_cycles,,,,,0,0,0,True,False
population-000643,,fewer_than_required_complete_ilp_cycles,,,,,0,0,0,True,True
population-000856,False,,0.4845540713401144,1.6234509041206395,0.12311028873993424,15.40520502811224,23,809,96,True,False
population-000892,False,,-0.2589389931592579,0.7718701109642795,0.6416580571731952,5.072824962853853,4,96,15,True,False
population-000965,False,,-0.8000608584586599,0.4493016194811188,0.7487769066608244,1.0,14,554,4,True,False
population-001108,,fewer_than_required_complete_ilp_cycles,,,,,0,0,0,True,False
population-001180,False,,0.6841693850454243,1.982124769117792,0.1448702073632221,2.7469879518072293,12,429,31,True,False
population-001191,,fewer_than_required_complete_ilp_cycles,,,,,0,0,0,True,False
population-001223,,fewer_than_required_complete_ilp_cycles,,,,,0,0,0,True,False
population-001290,,fewer_than_required_complete_ilp_cycles,,,,,0,0,0,True,True
population-001509,,seizure_days_below_minimum,,,,,0,0,0,True,True
population-001553,,fewer_than_required_complete_ilp_cycles,,,,,0,0,0,False,
population-001581,False,,0.5568688979216412,1.7451995386639867,0.2002273783451909,24.386244248586436,13,483,63,True,False
population-001964,False,,-0.4539046306635693,0.6351433035530055,0.8516478276928747,21.072035873925024,23,1001,116,True,False
population-002027,False,,0.27114712424043563,1.3114680049256464,0.3721718768336214,8.003451013889133,4,128,18,True,False
population-002066,False,,1.7226272617890062,5.599219773026351,0.05465671654513993,5.151027973747428,21,774,22,True,True
population-002182,False,,-0.0011509970139174375,0.9988496651290797,0.501237330626485,1.41241890639481,21,726,53,True,False
population-002190,,fewer_than_required_complete_ilp_cycles,,,,,0,0,0,True,True
population-002213,False,,0.29636857645652287,1.3449657882117765,0.3824914717578194,24.74110105472653,21,691,16,True,True
population-002236,,fewer_than_required_complete_ilp_cycles,,,,,0,0,0,True,False
population-002333,,fewer_than_required_complete_ilp_cycles,,,,,0,0,0,False,
population-002443,,fewer_than_required_complete_ilp_cycles,,,,,0,0,0,True,False
population-002725,False,,0.2287018362907101,1.2569672011279454,0.3683410876046138,12.500494199255998,23,765,23,True,False
population-002837,,fewer_than_required_complete_ilp_cycles,,,,,0,0,0,True,True
population-002982,,fewer_than_required_complete_ilp_cycles,,,,,0,0,0,True,False
population-003156,False,,0.2950755612080044,1.3432278507708255,0.3159985574263664,10.043993871876827,23,642,30,True,True
population-003285,False,,21.420933990875596,2009062416.7752235,0.49961713282497977,2.438246537783806,4,134,7,True,True
population-003404,,fewer_than_required_complete_ilp_cycles,,,,,0,0,0,False,
population-003462,,fewer_than_required_complete_ilp_cycles,,,,,0,0,0,False,
population-003770,False,,-0.0032276334408389284,0.9967775697684524,0.5019957641357842,0.5226445950004894,13,447,16,True,False
population-003930,,fewer_than_required_complete_ilp_cycles,,,,,0,0,0,True,False
population-004075,,fewer_than_required_complete_ilp_cycles,,,,,0,0,0,True,
population-004174,,fewer_than_required_complete_ilp_cycles,,,,,0,0,0,True,False
population-004429,,fewer_than_required_complete_ilp_cycles,,,,,0,0,0,True,False
population-004587,,fewer_than_required_complete_ilp_cycles,,,,,0,0,0,True,True
population-004703,False,,0.745697592701682,2.107911385806163,0.08542764890738175,0.7925705963571673,38,1026,31,True,True
population-004723,,fewer_than_required_complete_ilp_cycles,,,,,0,0,0,True,
population-004938,,fewer_than_required_complete_ilp_cycles,,,,,0,0,0,True,
population-004941,,seizure_days_below_minimum,,,,,0,0,0,True,
population-005028,True,,0.9413681210331742,2.563486179674408,0.044437873783882975,15.509756322570263,14,536,57,True,False
population-005236,,fewer_than_required_complete_ilp_cycles,,,,,0,0,0,True,False
population-005286,,fewer_than_required_complete_ilp_cycles,,,,,0,0,0,True,
population-005384,False,,-0.7206246962172397,0.48644827862357215,0.7761364345163616,15.888280569649128,10,394,12,True,False
population-005492,False,,-0.18138393107494072,0.8341150545228542,0.6508620147427937,1.956542260555965,24,784,30,True,False
population-005589,,fewer_than_required_complete_ilp_cycles,,,,,0,0,0,True,
population-005603,False,,-0.4699627487894437,0.6250255508074432,0.9699579924947238,2.3235617365869885,20,736,113,True,False
population-005739,,fewer_than_required_complete_ilp_cycles,,,,,0,0,0,True,False
population-005757,,fewer_than_required_complete_ilp_cycles,,,,,0,0,0,False,
population-005808,False,,-0.4183415383497638,0.6581374108698779,0.6692207370580293,18.26292405077153,5,154,16,True,False
population-005904,False,,-0.2261326026424238,0.7976123291504966,0.7146685941048433,3.3649808130045664,12,413,50,True,False
population-006070,,fewer_than_required_complete_ilp_cycles,,,,,0,0,0,True,False
population-006072,False,,0.7102059965303853,2.034410296947602,0.20722284290527615,8.00880059766018,16,506,17,True,True
population-006092,False,,-0.1873219596781731,0.829176731931615,0.6474546429357607,0.9866696092681081,14,495,28,True,False
population-006251,,fewer_than_required_complete_ilp_cycles,,,,,0,0,0,True,
population-006330,,seizure_days_below_minimum,,,,,0,0,0,True,False
population-006567,False,,-0.020982881447599938,0.979235727524094,0.5263108069380209,1.7063549812728365,16,597,77,True,False
population-006603,False,,21.77016109970036,2848792620.9695053,0.4995966297026191,14.019901805785832,16,523,8,True,True
population-006613,,fewer_than_required_complete_ilp_cycles,,,,,0,0,0,False,
population-006647,,fewer_than_required_complete_ilp_cycles,,,,,0,0,0,False,
population-006785,,fewer_than_required_complete_ilp_cycles,,,,,0,0,0,True,True
population-006805,,fewer_than_required_complete_ilp_cycles,,,,,0,0,0,True,True
population-006933,,fewer_than_required_complete_ilp_cycles,,,,,0,0,0,True,True
population-007005,False,,0.38937021944987893,1.476050912946951,0.1526105444454755,6.959699013398572,24,895,90,True,False
population-007066,,fewer_than_required_complete_ilp_cycles,,,,,0,0,0,False,
population-007188,False,,-1.9702819096117548,0.1394175475278675,0.9583795402795159,18.392708517233,4,139,15,True,False
population-007364,False,,0.49642103916219826,1.6428311084570764,0.31948165346987245,1.0,22,964,11,True,True
population-007382,False,,-0.0029052652313560044,0.9970989509676291,0.5038289512488067,1.4544717330861925,17,494,73,True,False
population-007383,,fewer_than_required_complete_ilp_cycles,,,,,0,0,0,True,False
population-007410,,fewer_than_required_complete_ilp_cycles,,,,,0,0,0,False,
population-007447,False,,21.581144622136343,2358153235.0690546,0.4995099611033599,1.1710843373493978,5,148,10,True,True
population-007684,,fewer_than_required_complete_ilp_cycles,,,,,0,0,0,True,False
population-007693,,fewer_than_required_complete_ilp_cycles,,,,,0,0,0,False,
population-007702,False,,-0.7524533144455184,0.47120910942033495,0.8869485635890219,23.270422319305062,14,502,63,True,False
population-007760,,fewer_than_required_complete_ilp_cycles,,,,,0,0,0,True,False
population-007799,,fewer_than_required_complete_ilp_cycles,,,,,0,0,0,True,False
population-007862,False,,0.02919249312072275,1.0296227707010384,0.47535948086326263,1.012941602335191,21,673,32,True,False
population-007897,,seizure_days_below_minimum,,,,,0,0,0,True,True
population-007939,False,,-0.3565674893122942,0.7000752222799254,0.8347731338751918,1.039728472375498,13,491,48,True,False
population-007942,,fewer_than_required_complete_ilp_cycles,,,,,0,0,0,True,False
population-007945,False,,22.373932011284776,5210449739.175937,0.49965880583754263,7.3077868774942845,15,494,10,True,True
population-008184,,fewer_than_required_complete_ilp_cycles,,,,,0,0,0,True,False
population-008281,,fewer_than_required_complete_ilp_cycles,,,,,0,0,0,False,
population-008366,False,,0.7250748280429236,2.064885605534463,0.19404809694830638,5.322712694239615,13,439,19,True,True
population-008489,False,,0.20883694103972494,1.23224405371357,0.3653025152050997,13.76710184710983,9,336,52,True,False
population-008506,,fewer_than_required_complete_ilp_cycles,,,,,0,0,0,False,
population-008572,,fewer_than_required_complete_ilp_cycles,,,,,0,0,0,False,
population-008614,,fewer_than_required_complete_ilp_cycles,,,,,0,0,0,True,False
population-008653,,fewer_than_required_complete_ilp_cycles,,,,,0,0,0,True,False
population-008654,,fewer_than_required_complete_ilp_cycles,,,,,0,0,0,True,False
population-008848,,fewer_than_required_complete_ilp_cycles,,,,,0,0,0,True,False
population-008919,False,,0.17868598690359522,1.1956452369508206,0.2660831655825018,1.207505014504714,17,546,93,True,False
population-008948,,fewer_than_required_complete_ilp_cycles,,,,,0,0,0,False,
population-008959,,seizure_days_below_minimum,,,,,0,0,0,True,True
population-009237,False,,-0.02612535076290559,0.9742129636163942,0.5150392931602994,6.717330861909176,7,217,22,True,False
population-009251,,fewer_than_required_complete_ilp_cycles,,,,,0,0,0,True,True
population-009296,,fewer_than_required_complete_ilp_cycles,,,,,0,0,0,True,
population-009298,False,,-0.14127697560571106,0.8682487946547213,0.6810414519878825,3.8000870880470003,19,511,82,True,False
population-009469,,fewer_than_required_complete_ilp_cycles,,,,,0,0,0,True,True
population-009584,False,,-0.1760984511311456,0.838535424512087,0.6720217470877956,1.0472659870250227,14,515,42,True,False
population-009831,False,,0.574042074027083,1.7754289825319371,0.21147468320462903,8.024089437556711,15,491,26,True,True
population-009864,,fewer_than_required_complete_ilp_cycles,,,,,0,0,0,True,False
population-009899,,fewer_than_required_complete_ilp_cycles,,,,,0,0,0,True,False
population-010012,False,,21.823909269263616,3006099623.4559865,0.4997043698906668,11.029603177251932,20,733,7,True,True
population-010251,,fewer_than_required_complete_ilp_cycles,,,,,0,0,0,True,True
population-010706,,fewer_than_required_complete_ilp_cycles,,,,,0,0,0,True,False
population-010735,,seizure_days_below_minimum,,,,,0,0,0,True,False
population-010746,,fewer_than_required_complete_ilp_cycles,,,,,0,0,0,True,True
population-010841,False,,-0.4077826245057419,0.6651234446468216,0.6132659583695189,27.85912882298424,7,216,7,True,False
population-010906,False,,0.17326919339064648,1.1891861830613895,0.35229730049785224,4.61332509525281,20,804,52,True,False
population-011073,,fewer_than_required_complete_ilp_cycles,,,,,0,0,0,True,False
population-011223,,fewer_than_required_complete_ilp_cycles,,,,,0,0,0,False,
population-011490,,fewer_than_required_complete_ilp_cycles,,,,,0,0,0,True,
population-011654,False,,-1.029690320328796,0.35711753548783254,0.9820189155944035,23.096919495317394,20,684,120,True,False
population-011682,,fewer_than_required_complete_ilp_cycles,,,,,0,0,0,True,False
population-011702,,fewer_than_required_complete_ilp_cycles,,,,,0,0,0,True,True
population-011852,,fewer_than_required_complete_ilp_cycles,,,,,0,0,0,False,
population-012188,False,,-0.0358900351219686,0.9647463758679015,0.5223313216912739,4.8687590566952235,20,532,17,True,False
population-012205,False,,0.43874378706962547,1.550757912254564,0.15527560005263208,1.1481900317305422,9,329,54,True,True
population-012375,,fewer_than_required_complete_ilp_cycles,,,,,0,0,0,True,True
population-012388,,fewer_than_required_complete_ilp_cycles,,,,,0,0,0,False,
population-012397,False,,-0.24562757697520204,0.7822134849982529,0.7340991375811388,4.294198124408541,12,379,57,True,False
population-012464,False,,0.03566469402196257,1.0363083078575748,0.4720067865475235,18.157433631486963,15,447,77,True,False
population-012641,,fewer_than_required_complete_ilp_cycles,,,,,0,0,0,False,
population-012646,,fewer_than_required_complete_ilp_cycles,,,,,0,0,0,False,
population-012781,,fewer_than_required_complete_ilp_cycles,,,,,0,0,0,True,True
population-012850,False,,-1.1859407741585488,0.30545867665279297,0.8771696209707629,18.469635065741205,4,129,15,True,False
population-013149,False,,0.2322490933606694,1.2614339045077032,0.34118682056134175,20.34582968416888,16,489,56,True,True
population-013362,False,,-0.4918933144908702,0.6114675970846435,0.896786790079231,11.971660716128449,20,735,102,True,False
population-013412,False,,-0.5610410344712877,0.5706147249403584,0.8885663334320271,2.338498597860691,7,207,33,True,False
population-013549,False,,-0.32625484493747436,0.7216212624710241,0.7489943874437115,2.084770579815856,15,481,26,True,False
population-013982,,fewer_than_required_complete_ilp_cycles,,,,,0,0,0,True,False
population-014104,,fewer_than_required_complete_ilp_cycles,,,,,0,0,0,True,False
population-014319,,fewer_than_required_complete_ilp_cycles,,,,,0,0,0,False,
population-014378,False,,1.2962557815190257,3.6555837074040585,0.1499028396270401,6.705211733369934,6,164,10,True,True
population-014556,,fewer_than_required_complete_ilp_cycles,,,,,0,0,0,True,False
population-014628,,fewer_than_required_complete_ilp_cycles,,,,,0,0,0,False,
population-014683,,fewer_than_required_complete_ilp_cycles,,,,,0,0,0,True,False
population-014803,False,,0.12000749438098393,1.1275053015020031,0.37717820636397137,2.3329293505382473,17,511,51,True,False
population-014852,False,,-0.20978714180448282,0.8107568038346252,0.7118529985996148,3.4842912843910923,18,546,48,True,False
population-014884,,fewer_than_required_complete_ilp_cycles,,,,,0,0,0,True,False
population-014922,,fewer_than_required_complete_ilp_cycles,,,,,0,0,0,True,True
population-015030,False,,0.0005519955659124554,1.000552147943501,0.4995032668673668,17.969304801624666,21,742,96,True,False
population-015071,,seizure_days_below_minimum,,,,,0,0,0,True,True
population-015093,False,,0.8527669003410037,2.3461293857251886,0.06318204545133843,1.3900376377537165,7,230,40,True,True
population-015117,True,,1.0548264328206693,2.8714767165322113,0.027931413635991165,2.509434198813983,19,670,51,True,True
population-015137,,fewer_than_required_complete_ilp_cycles,,,,,0,0,0,True,True
population-015275,,seizure_days_below_minimum,,,,,0,0,0,True,False
population-015309,,fewer_than_required_complete_ilp_cycles,,,,,0,0,0,True,
population-015445,,fewer_than_required_complete_ilp_cycles,,,,,0,0,0,True,True
population-015573,,fewer_than_required_complete_ilp_cycles,,,,,0,0,0,False,
population-015599,False,,0.19133692592270052,1.2108673559619205,0.2783543581850625,0.5088044485634866,21,683,70,True,False
population-015667,False,,0.04699920926141693,1.048121180289471,0.4638161878727538,0.6174356049596674,16,535,25,True,False
population-015688,False,,-0.3690281784769733,0.6914059274098039,0.9071096862397308,1.2504744646924502,27,895,75,True,False
population-015711,,fewer_than_required_complete_ilp_cycles,,,,,0,0,0,True,False
population-015837,,fewer_than_required_complete_ilp_cycles,,,,,0,0,0,True,True
population-015882,,fewer_than_required_complete_ilp_cycles,,,,,0,0,0,True,True
population-016049,,fewer_than_required_complete_ilp_cycles,,,,,0,0,0,False,
population-016175,False,,-0.8698510028686747,0.41901397647726474,0.9411382409116797,11.279151141457515,25,837,25,True,False
population-016232,False,,-0.14775242676277467,0.8626446562375197,0.7280672414860885,1.554058254056781,19,631,114,True,False
population-016292,False,,0.2869126849495838,1.332307877867299,0.2106137211838779,4.398664085236557,14,504,89,True,False
population-016330,False,,0.323949582552985,1.3825775993293916,0.17368956004773672,4.0038807274242245,21,864,102,True,False
population-016448,,fewer_than_required_complete_ilp_cycles,,,,,0,0,0,True,
population-016459,False,,21.9611000001265,3448137268.917903,0.4996727215437975,15.028708370121358,16,609,9,True,True
population-016513,,seizure_days_below_minimum,,,,,0,0,0,True,True
population-016546,,fewer_than_required_complete_ilp_cycles,,,,,0,0,0,True,False
population-016575,,fewer_than_required_complete_ilp_cycles,,,,,0,0,0,True,False
population-016660,,fewer_than_required_complete_ilp_cycles,,,,,0,0,0,True,True
population-016787,False,,-0.3202243725102445,0.725986127468333,0.7385768100118448,6.460592774385723,13,445,34,True,False
population-016996,,fewer_than_required_complete_ilp_cycles,,,,,0,0,0,False,
population-017064,False,,0.7026227004918019,2.019041109602782,0.25968059769702667,1.0,23,598,8,True,True
population-017222,False,,0.8921979499584278,2.440487830753752,0.24084822173759668,23.00745278150743,18,589,10,True,True
population-017286,,seizure_days_below_minimum,,,,,0,0,0,True,True
population-017432,,fewer_than_required_complete_ilp_cycles,,,,,0,0,0,False,
population-017490,False,,0.8066825830203717,2.240463094286785,0.11049717107119583,16.647437427165677,11,376,37,True,True
population-017512,False,,-0.1090800502405502,0.896658636885672,0.6588004447039683,1.382139133456903,28,1059,107,True,False
population-017806,False,,0.17278257640330333,1.1886076456380834,0.3232767451655063,18.959387681780225,34,975,109,True,False
population-017913,False,,-0.5605124795529532,0.5709164058801485,0.8108450897932613,2.6464327573490136,8,249,14,True,False
population-017948,,fewer_than_required_complete_ilp_cycles,,,,,0,0,0,True,False
population-018322,,fewer_than_required_complete_ilp_cycles,,,,,0,0,0,True,
population-018328,False,,-0.7171056727701297,0.4881631170304906,0.854625059707369,3.631567690881873,8,227,13,True,False
population-018343,,seizure_days_below_minimum,,,,,0,0,0,True,True
population-018420,,seizure_days_below_minimum,,,,,0,0,0,True,True
population-018589,,fewer_than_required_complete_ilp_cycles,,,,,0,0,0,True,
population-018709,,fewer_than_required_complete_ilp_cycles,,,,,0,0,0,True,
population-018870,False,,0.05493741889832157,1.0564744972687314,0.42227034322245605,2.435588507877665,23,642,95,True,False
population-018976,,fewer_than_required_complete_ilp_cycles,,,,,0,0,0,False,
population-019062,False,,-0.5102136613032326,0.600367289849993,0.9884984128972236,1.3096570898980537,19,688,126,True,False
population-019073,False,,0.2251199846995807,1.2524729847715297,0.2544695071046492,1.1516646573608254,19,623,68,True,False
population-019122,,fewer_than_required_complete_ilp_cycles,,,,,0,0,0,True,True
population-019380,,fewer_than_required_complete_ilp_cycles,,,,,0,0,0,False,
population-019417,,fewer_than_required_complete_ilp_cycles,,,,,0,0,0,True,False
population-019432,,fewer_than_required_complete_ilp_cycles,,,,,0,0,0,True,False
population-019588,,fewer_than_required_complete_ilp_cycles,,,,,0,0,0,True,True
population-019781,,fewer_than_required_complete_ilp_cycles,,,,,0,0,0,True,True
population-020038,False,,0.14325100528387458,1.154019430290029,0.4382322092147093,5.0143381965963085,6,180,11,True,False
population-020174,,fewer_than_required_complete_ilp_cycles,,,,,0,0,0,False,
population-020322,,seizure_days_below_minimum,,,,,0,0,0,True,True
population-020368,,fewer_than_required_complete_ilp_cycles,,,,,0,0,0,True,False
population-020519,False,,0.2102875916281947,1.2340329064616706,0.2988129682845305,5.347618164967563,21,691,66,True,False
population-020527,,fewer_than_required_complete_ilp_cycles,,,,,0,0,0,False,
population-020537,,fewer_than_required_complete_ilp_cycles,,,,,0,0,0,True,False
population-020805,False,,0.9606498153978992,2.6133941455331877,0.10109625099652031,1.2649589794381257,12,519,30,True,True
population-020824,False,,-0.1956814887290799,0.8222740965405293,0.575759416290077,10.101189688108779,14,557,9,True,False
population-020920,False,,0.24401044811971878,1.2763576659574871,0.22798976563088336,1.7549625368312707,20,710,81,True,False
population-020925,,fewer_than_required_complete_ilp_cycles,,,,,0,0,0,True,False
population-020990,,fewer_than_required_complete_ilp_cycles,,,,,0,0,0,True,True
population-021003,False,,0.33511499182234394,1.3981011461778123,0.29138672371752317,3.911104386147418,9,304,28,True,True
population-021267,,seizure_days_below_minimum,,,,,0,0,0,True,
population-021339,False,,-0.04159417597741183,0.9592589919342932,0.5424544461583228,0.6589434661723835,13,452,42,True,False
population-021379,False,,-0.5151772476709752,0.5973946984146401,0.9481625697834077,4.59033846766596,22,813,82,True,False
population-021516,,fewer_than_required_complete_ilp_cycles,,,,,0,0,0,True,False
population-021564,,fewer_than_required_complete_ilp_cycles,,,,,0,0,0,False,
population-021600,False,,-0.9184768172071279,0.39912652096452567,0.7288395905228544,42.33920296570899,24,791,7,True,False
population-021627,,fewer_than_required_complete_ilp_cycles,,,,,0,0,0,True,True
population-021631,,fewer_than_required_complete_ilp_cycles,,,,,0,0,0,True,False
population-021722,False,,0.8289576987594514,2.2909296565849635,0.13471240486219838,4.787432808155702,5,166,24,True,True
population-021727,False,,0.253238669580764,1.2881906920802602,0.28814016373879303,2.7095400834105634,22,758,47,True,False
population-021739,False,,-0.9000844919408132,0.40653530933215865,0.9949810779077334,5.103323466943189,18,728,65,True,False
population-021880,,fewer_than_required_complete_ilp_cycles,,,,,0,0,0,True,True
population-022655,,seizure_days_below_minimum,,,,,0,0,0,True,True
population-022670,,fewer_than_required_complete_ilp_cycles,,,,,0,0,0,True,True
population-022788,,fewer_than_required_complete_ilp_cycles,,,,,0,0,0,True,True
population-022945,,fewer_than_required_complete_ilp_cycles,,,,,0,0,0,True,False
population-022949,,fewer_than_required_complete_ilp_cycles,,,,,0,0,0,True,True
population-023119,,fewer_than_required_complete_ilp_cycles,,,,,0,0,0,True,False
population-023180,,fewer_than_required_complete_ilp_cycles,,,,,0,0,0,True,True
population-023714,,seizure_days_below_minimum,,,,,0,0,0,True,True
population-023862,,fewer_than_required_complete_ilp_cycles,,,,,0,0,0,True,True
population-024102,,fewer_than_required_complete_ilp_cycles,,,,,0,0,0,False,
population-024154,,fewer_than_required_complete_ilp_cycles,,,,,0,0,0,True,False
population-024495,,fewer_than_required_complete_ilp_cycles,,,,,0,0,0,True,False
population-024607,,fewer_than_required_complete_ilp_cycles,,,,,0,0,0,True,True
population-024694,False,,0.446861368926617,1.5633975487822755,0.0738609120686119,1.4734241793831493,25,818,94,True,False
population-024730,,seizure_days_below_minimum,,,,,0,0,0,True,True
population-024765,,fewer_than_required_complete_ilp_cycles,,,,,0,0,0,True,False
population-024785,,fewer_than_required_complete_ilp_cycles,,,,,0,0,0,False,
population-024803,True,,1.1728889815438208,3.231314374473653,0.015601610581967629,2.6043017496772016,20,688,54,True,True
population-024864,False,,-0.9218846747530756,0.397768669634336,0.9613867538361278,2.202926605228098,6,205,21,True,False
population-024899,,seizure_days_below_minimum,,,,,0,0,0,True,
population-025003,,fewer_than_required_complete_ilp_cycles,,,,,0,0,0,False,
population-025015,,fewer_than_required_complete_ilp_cycles,,,,,0,0,0,True,False
population-025206,,seizure_days_below_minimum,,,,,0,0,0,True,False
population-025229,,fewer_than_required_complete_ilp_cycles,,,,,0,0,0,False,
population-025277,,fewer_than_required_complete_ilp_cycles,,,,,0,0,0,False,
population-025524,,fewer_than_required_complete_ilp_cycles,,,,,0,0,0,True,
population-025670,False,,0.03744999172125604,1.038160079185053,0.46386198289953806,1.119957821853507,6,219,48,True,False
population-025818,False,,0.667493165844836,1.9493445070716438,0.26889338856214184,1.0,21,628,8,True,True
population-025900,False,,0.4874929642950877,1.6282290703659414,0.08445663878492526,1.2975788363647294,22,780,82,True,True
population-025936,False,,-0.20908896797551835,0.8113230506630744,0.6295670903616188,16.939580678684283,11,338,36,True,False
population-025969,False,,0.950083834298963,2.58592643955914,0.060945534267253465,14.868377345183097,12,361,49,True,True
population-026323,False,,-0.17767655558508733,0.8372131716248749,0.6469749464352395,12.088290367119972,33,1001,44,True,False
population-026354,,fewer_than_required_complete_ilp_cycles,,,,,0,0,0,True,False
population-026455,,fewer_than_required_complete_ilp_cycles,,,,,0,0,0,True,False
population-026460,,fewer_than_required_complete_ilp_cycles,,,,,0,0,0,False,
population-026553,False,,0.6394826735061077,1.8955000332316319,0.2084589345925114,1.2744790512723105,4,137,17,True,True
population-026603,False,,-0.5145591141430497,0.5977640822596433,0.6682358393464326,1.0,20,878,4,True,False
population-026605,,fewer_than_required_complete_ilp_cycles,,,,,0,0,0,False,
population-026716,,fewer_than_required_complete_ilp_cycles,,,,,0,0,0,True,True
population-026751,,fewer_than_required_complete_ilp_cycles,,,,,0,0,0,True,True
population-026803,False,,0.5644803823192613,1.7585337800321206,0.0614124680718231,1.432757463587084,15,553,75,True,False
population-027132,,fewer_than_required_complete_ilp_cycles,,,,,0,0,0,True,
population-027295,,fewer_than_required_complete_ilp_cycles,,,,,0,0,0,True,True
population-027303,False,,-0.39223499859624,0.6755453430985673,0.7157574270563878,1.0,20,719,13,True,False
population-027527,,fewer_than_required_complete_ilp_cycles,,,,,0,0,0,True,
population-027912,False,,-0.6041131441488777,0.5465589307510204,0.8825372031810159,0.7925705963571673,20,584,18,True,False
population-028057,,fewer_than_required_complete_ilp_cycles,,,,,0,0,0,True,False
population-028424,False,,-0.1300991372672678,0.8780083832540447,0.5839901293860396,4.4291010194624665,17,595,21,True,False
population-028496,,fewer_than_required_complete_ilp_cycles,,,,,0,0,0,True,
population-028625,False,,0.14347607930600703,1.1542791993173567,0.44769764872112394,21.13181138998694,22,659,9,True,False
population-028707,False,,-0.6270759276979072,0.5341514170443196,0.8578951828175696,25.110081421779892,16,462,56,True,False
population-028713,,fewer_than_required_complete_ilp_cycles,,,,,0,0,0,True,False
population-028799,,fewer_than_required_complete_ilp_cycles,,,,,0,0,0,True,True
population-028854,,fewer_than_required_complete_ilp_cycles,,,,,0,0,0,True,True
population-029132,,fewer_than_required_complete_ilp_cycles,,,,,0,0,0,True,True
population-029178,False,,-0.03808136184208546,0.9626346159793019,0.5474411515909057,1.9010857952739337,20,701,77,True,False
population-029265,,fewer_than_required_complete_ilp_cycles,,,,,0,0,0,True,False
population-029597,False,,-0.9210951689735766,0.39808283429900637,0.9787664199857021,21.223756320548627,24,756,100,True,False
population-029614,,fewer_than_required_complete_ilp_cycles,,,,,0,0,0,True,True
population-029660,False,,0.04778763475607756,1.0489478715989335,0.4745323001056724,3.0358469462596984,6,178,14,True,False
population-029779,,fewer_than_required_complete_ilp_cycles,,,,,0,0,0,True,
population-029892,,fewer_than_required_complete_ilp_cycles,,,,,0,0,0,True,True
population-029910,False,,-0.8231078645518705,0.43906497740314004,0.9050805590007698,6.173012538740094,12,406,21,True,False
population-029986,False,,-1.6747941065629164,0.18734674897729117,0.9440044933980796,19.033288203401856,4,93,12,True,False
population-030045,,fewer_than_required_complete_ilp_cycles,,,,,0,0,0,False,
population-030081,,fewer_than_required_complete_ilp_cycles,,,,,0,0,0,True,True
population-030172,False,,0.220717487535102,1.2469710959189793,0.3973646043163034,10.765523632993522,15,519,17,True,False
population-030238,False,,0.8144253047411358,2.2578777078046195,0.055532772517232654,13.019063484117806,17,443,51,True,False
population-030240,False,,-1.967860017806378,0.13975561095502867,0.9756288306094695,17.352176009268657,4,111,14,True,False
population-030304,,fewer_than_required_complete_ilp_cycles,,,,,0,0,0,True,False
population-030320,,fewer_than_required_complete_ilp_cycles,,,,,0,0,0,True,True
population-030334,False,,-0.2932819982017962,0.7458117934552106,0.6638098823587189,6.150734080893555,4,128,16,True,False
population-030394,False,,-0.7962723286329856,0.4510070405467137,0.8980730613472274,0.4461724915136234,11,370,11,True,False
population-030442,False,,0.4969465257664293,1.6436946210598666,0.2532261037660979,5.9219272420271665,6,184,18,True,False
population-030531,False,,-0.988737730458412,0.3720460171071823,0.7935817655292007,17.018527979379698,14,460,6,True,False
population-030599,,fewer_than_required_complete_ilp_cycles,,,,,0,0,0,True,True
population-030609,,fewer_than_required_complete_ilp_cycles,,,,,0,0,0,True,False
population-030733,,fewer_than_required_complete_ilp_cycles,,,,,0,0,0,False,
population-031002,,fewer_than_required_complete_ilp_cycles,,,,,0,0,0,True,
population-031052,,fewer_than_required_complete_ilp_cycles,,,,,0,0,0,True,
population-031356,,fewer_than_required_complete_ilp_cycles,,,,,0,0,0,True,True
population-031522,False,,-0.16107369661426324,0.8512293360754695,0.6245398324470094,22.978341586557715,20,680,80,True,False
population-031537,,fewer_than_required_complete_ilp_cycles,,,,,0,0,0,True,True
population-031687,,fewer_than_required_complete_ilp_cycles,,,,,0,0,0,True,False
population-031768,,fewer_than_required_complete_ilp_cycles,,,,,0,0,0,True,False
population-031927,False,,-0.263675962608648,0.7682224321221787,0.6293552409634574,4.892714990616787,12,350,12,True,False
population-031981,False,,0.5924349835927929,1.8083864499889255,0.07743146132036627,10.292863762743282,19,677,87,True,True
population-032013,False,,0.021406169334064945,1.021636924966883,0.47340580037780045,1.7081245655699713,12,445,84,True,False
population-032083,,fewer_than_required_complete_ilp_cycles,,,,,0,0,0,True,True
population-032226,,fewer_than_required_complete_ilp_cycles,,,,,0,0,0,True,True
population-032368,,fewer_than_required_complete_ilp_cycles,,,,,0,0,0,True,False
population-032568,False,,-0.2329968779745941,0.7921560466517565,0.8224666424427525,1.9240818709254046,22,675,107,True,False
population-032733,,seizure_days_below_minimum,,,,,0,0,0,True,True
population-032849,False,,0.5061688890661102,1.6589234851306232,0.05935032980907928,8.981844405570948,28,1006,150,True,False
population-032855,,fewer_than_required_complete_ilp_cycles,,,,,0,0,0,False,
population-032920,,fewer_than_required_complete_ilp_cycles,,,,,0,0,0,True,True
population-033063,,fewer_than_required_complete_ilp_cycles,,,,,0,0,0,True,True
population-033154,,fewer_than_required_complete_ilp_cycles,,,,,0,0,0,True,
population-033586,False,,0.21372631141068382,1.2382837042919248,0.36874169959608794,4.800521026757719,16,565,23,True,False
population-033785,False,,0.27829442900342055,1.3208750438852308,0.3560451564566771,20.416571406887464,10,357,35,True,False
population-033846,,fewer_than_required_complete_ilp_cycles,,,,,0,0,0,True,
population-033857,,fewer_than_required_complete_ilp_cycles,,,,,0,0,0,True,True
population-034072,False,,-0.7865172514186454,0.45542817826121734,0.9170382690063097,6.0380407514319,14,576,22,True,False
population-034433,,fewer_than_required_complete_ilp_cycles,,,,,0,0,0,False,
population-034467,,fewer_than_required_complete_ilp_cycles,,,,,0,0,0,False,
population-034514,,fewer_than_required_complete_ilp_cycles,,,,,0,0,0,True,
population-034560,,seizure_days_below_minimum,,,,,0,0,0,True,
population-034591,,fewer_than_required_complete_ilp_cycles,,,,,0,0,0,True,True
population-034629,,fewer_than_required_complete_ilp_cycles,,,,,0,0,0,False,
population-034632,,fewer_than_required_complete_ilp_cycles,,,,,0,0,0,True,True
population-034642,False,,-0.5001781741576528,0.6064226012501472,0.6619375535789713,1.0,11,407,4,True,False
population-034645,False,,-0.23592642151261423,0.7898387869380645,0.6034220732487603,14.062575786061323,5,161,12,True,False
population-034646,False,,-0.6821134460298295,0.5055474153392095,0.9557724418537007,0.6811381806170621,18,766,36,True,False
population-034651,False,,-1.561508266601401,0.2098193688786285,0.9682762470559868,7.579034085058186,6,216,9,True,False
population-034984,False,,-1.1006534776684191,0.33265363093642053,0.9848526244120487,4.168047286386195,16,638,24,True,False
population-035004,,fewer_than_required_complete_ilp_cycles,,,,,0,0,0,False,
population-035116,,fewer_than_required_complete_ilp_cycles,,,,,0,0,0,True,True
population-035436,,fewer_than_required_complete_ilp_cycles,,,,,0,0,0,True,False
population-035467,False,,1.2134964258583607,3.3652303850793275,0.05861233989929182,1.3594796298103955,6,209,30,True,True
population-035562,,seizure_days_below_minimum,,,,,0,0,0,True,True
population-035621,,fewer_than_required_complete_ilp_cycles,,,,,0,0,0,True,False
population-035687,,fewer_than_required_complete_ilp_cycles,,,,,0,0,0,True,True
population-035698,,fewer_than_required_complete_ilp_cycles,,,,,0,0,0,True,False
population-035755,,fewer_than_required_complete_ilp_cycles,,,,,0,0,0,False,
population-036007,False,,0.5355273490344348,1.7083489008959716,0.20134834438564053,1.0,14,409,21,True,False
population-036108,True,,1.1883924853560723,3.2818014210103854,0.008894969217501658,1.8430236418281627,13,527,77,True,True
population-036237,,fewer_than_required_complete_ilp_cycles,,,,,0,0,0,False,
population-036354,,fewer_than_required_complete_ilp_cycles,,,,,0,0,0,True,False
population-036358,False,,-0.4334988078189369,0.6482370654311183,0.860986694068394,13.35304339612358,19,724,95,True,False
population-036429,,seizure_days_below_minimum,,,,,0,0,0,True,True
population-036450,,fewer_than_required_complete_ilp_cycles,,,,,0,0,0,False,
population-036473,False,,0.4526719535155909,1.5725082460907467,0.15999808051827924,1.80244456934094,14,481,50,True,False
population-036514,,fewer_than_required_complete_ilp_cycles,,,,,0,0,0,True,True
population-036593,False,,0.2871698614232052,1.3326505601721317,0.30896489080754064,2.307591615897724,6,219,32,True,False
population-037003,,fewer_than_required_complete_ilp_cycles,,,,,0,0,0,False,
population-037286,False,,0.2571800818797818,1.2932780017240746,0.2485068132617516,3.1624388027284933,13,476,68,True,False
population-037487,,fewer_than_required_complete_ilp_cycles,,,,,0,0,0,True,True
population-037508,,fewer_than_required_complete_ilp_cycles,,,,,0,0,0,True,True
population-037545,False,,-0.4626554067211862,0.6296095543518182,0.8939478385214699,3.6289237635726606,12,480,58,True,False
population-037560,False,,-0.09774473778527987,0.9068803665016567,0.5783800080030548,2.2165494019775105,17,648,32,True,False
population-037703,False,,21.85196603417401,3091635371.12689,0.49963394172212616,1.0,13,533,13,True,True
population-037880,,fewer_than_required_complete_ilp_cycles,,,,,0,0,0,True,
population-037891,,fewer_than_required_complete_ilp_cycles,,,,,0,0,0,True,True
population-037892,,fewer_than_required_complete_ilp_cycles,,,,,0,0,0,False,
population-038058,,seizure_days_below_minimum,,,,,0,0,0,True,False
population-038123,,fewer_than_required_complete_ilp_cycles,,,,,0,0,0,True,True
population-038180,False,,0.051901901095746376,1.0532724125756165,0.42903001711423516,1.6038221918833222,15,571,96,True,False
population-038346,False,,-0.5589903350587491,0.5717860848646338,0.8597441663712654,11.091690982680726,10,372,41,True,False
population-038559,,fewer_than_required_complete_ilp_cycles,,,,,0,0,0,True,False
population-038625,False,,0.2441096610673592,1.2764843034457056,0.26588446368416463,2.1414385958275797,11,374,60,True,False
population-038642,False,,-0.08898785939616966,0.9148566804195485,0.577272147135807,0.13855804655365997,22,763,32,True,False
population-038875,,fewer_than_required_complete_ilp_cycles,,,,,0,0,0,True,False
population-039030,,fewer_than_required_complete_ilp_cycles,,,,,0,0,0,True,
population-039102,False,,-0.24856032190563346,0.7799228129858127,0.7555781871155721,1.9323447636700672,21,894,58,True,False
population-039133,,fewer_than_required_complete_ilp_cycles,,,,,0,0,0,True,
population-039136,False,,-0.3945210446340104,0.6740027792014723,0.8174967132701891,15.509025722266232,20,662,77,True,False
population-039157,,fewer_than_required_complete_ilp_cycles,,,,,0,0,0,False,
population-039177,,seizure_days_below_minimum,,,,,0,0,0,True,True
population-039255,,fewer_than_required_complete_ilp_cycles,,,,,0,0,0,False,
population-039280,False,,0.25445090806900705,1.2897532333123576,0.3155027807477171,25.14468924221991,22,673,88,True,False
population-039324,False,,1.6109124342246295,5.007378047161513,0.1209361988409684,13.437845265403428,4,142,12,True,True
population-039396,,fewer_than_required_complete_ilp_cycles,,,,,0,0,0,False,
population-039426,False,,-0.41182091266521426,0.6624429005632411,0.7173091176578213,19.47914794966388,10,310,30,True,False
population-039523,,fewer_than_required_complete_ilp_cycles,,,,,0,0,0,False,
population-039584,,fewer_than_required_complete_ilp_cycles,,,,,0,0,0,False,
population-039658,False,,0.03656654014639715,1.0372433200439213,0.4566418473026371,4.3806461249879565,17,625,87,True,False
population-040081,,fewer_than_required_complete_ilp_cycles,,,,,0,0,0,False,
population-040309,,seizure_days_below_minimum,,,,,0,0,0,True,True
population-040320,,fewer_than_required_complete_ilp_cycles,,,,,0,0,0,True,True
population-040651,,fewer_than_required_complete_ilp_cycles,,,,,0,0,0,True,False
population-040704,,fewer_than_required_complete_ilp_cycles,,,,,0,0,0,True,True
population-040845,,fewer_than_required_complete_ilp_cycles,,,,,0,0,0,True,
population-040850,,fewer_than_required_complete_ilp_cycles,,,,,0,0,0,False,
population-040974,False,,0.5270760173906481,1.693971915679174,0.07024877810299457,2.1220628561197104,16,534,78,True,True
population-041019,True,,1.024787057518847,2.786502032728508,0.03673406679106872,6.36430497327393,20,546,36,True,True
population-041051,False,,-1.1176724306511545,0.3270401179815646,0.9643381201998568,23.486239937499516,14,500,54,True,False
population-041155,,fewer_than_required_complete_ilp_cycles,,,,,0,0,0,False,
population-041207,,fewer_than_required_complete_ilp_cycles,,,,,0,0,0,True,False
population-041341,,fewer_than_required_complete_ilp_cycles,,,,,0,0,0,True,
population-041405,,fewer_than_required_complete_ilp_cycles,,,,,0,0,0,True,False
population-041455,False,,-1.2246489262993472,0.2938608490318206,0.9700096524386339,3.7989327552424275,4,137,14,True,False
population-041569,,fewer_than_required_complete_ilp_cycles,,,,,0,0,0,True,True
population-041572,False,,0.612881438492451,1.8457421362640558,0.07558997213979224,1.5695181566422765,9,359,69,True,True
population-041681,False,,-0.4400983066726778,0.6439731111174484,0.8815067705102855,5.442962681036723,15,480,59,True,False
population-041709,,fewer_than_required_complete_ilp_cycles,,,,,0,0,0,True,True
population-041734,False,,22.12570220204273,4065091959.8626194,0.4995389749071404,11.887344493679471,22,886,19,True,True
population-041761,,fewer_than_required_complete_ilp_cycles,,,,,0,0,0,True,True
population-041827,,fewer_than_required_complete_ilp_cycles,,,,,0,0,0,True,
population-042035,False,,0.02645640498250864,1.026809482508579,0.47294525643198904,19.693702311208693,31,943,137,True,False
population-042102,,fewer_than_required_complete_ilp_cycles,,,,,0,0,0,True,False
population-042156,,fewer_than_required_complete_ilp_cycles,,,,,0,0,0,True,True
population-042160,,fewer_than_required_complete_ilp_cycles,,,,,0,0,0,True,True
population-042345,False,,0.15238259184440464,1.16460571985788,0.23500039076262125,2.321594068582021,25,1054,236,True,False
population-042384,,fewer_than_required_complete_ilp_cycles,,,,,0,0,0,True,False
population-042400,,fewer_than_required_complete_ilp_cycles,,,,,0,0,0,False,
population-042476,False,,-0.2484035110891593,0.7800451229084125,0.6307008222238337,3.917459476839853,7,266,14,True,False
population-042512,False,,0.12429627284353527,1.132351306247927,0.4456514581797779,8.67469879518075,23,1009,14,True,False
population-042539,False,,-0.33377290654703934,0.7162164118184788,0.8654496009960106,1.737826588803595,21,909,82,True,False
population-042713,,fewer_than_required_complete_ilp_cycles,,,,,0,0,0,True,True
population-042840,,fewer_than_required_complete_ilp_cycles,,,,,0,0,0,True,True
population-042903,,fewer_than_required_complete_ilp_cycles,,,,,0,0,0,True,
population-042912,,seizure_days_below_minimum,,,,,0,0,0,True,False
population-042951,False,,0.6569955882686186,1.9289881450679844,0.06158103587932873,4.864259045601557,18,701,80,True,True
population-042953,False,,-1.1540624426629327,0.31535305992197527,0.9577554728129086,10.065442302963826,20,572,13,True,False
population-042958,,fewer_than_required_complete_ilp_cycles,,,,,0,0,0,True,True
population-043046,,fewer_than_required_complete_ilp_cycles,,,,,0,0,0,False,
population-043175,False,,-0.6892443849604839,0.5019552107118287,0.9072803259266675,22.05770837598841,17,655,72,True,False
population-043186,,fewer_than_required_complete_ilp_cycles,,,,,0,0,0,True,True
population-043292,False,,-0.5933517845655941,0.5524724094050396,0.7803122720704119,9.239510942751085,4,114,20,True,False
population-043299,,fewer_than_required_complete_ilp_cycles,,,,,0,0,0,True,True
population-043365,,fewer_than_required_complete_ilp_cycles,,,,,0,0,0,True,False
population-043550,,fewer_than_required_complete_ilp_cycles,,,,,0,0,0,True,True
population-043584,False,,0.8866827064472302,2.427064995208885,0.17396239957858706,9.358154754023953,11,411,24,True,True
population-043716,,fewer_than_required_complete_ilp_cycles,,,,,0,0,0,True,True
population-043780,False,,0.543535153702743,1.7220839455806454,0.12019992606017471,1.9458941032787342,16,564,48,True,True
population-043874,False,,0.3877823055929187,1.4737089311734621,0.30947428756315287,1.0,17,606,15,True,False
population-043925,,fewer_than_required_complete_ilp_cycles,,,,,0,0,0,True,
population-043936,,fewer_than_required_complete_ilp_cycles,,,,,0,0,0,True,
population-044009,,fewer_than_required_complete_ilp_cycles,,,,,0,0,0,True,True
population-044127,,fewer_than_required_complete_ilp_cycles,,,,,0,0,0,True,True
population-044250,False,,1.5778941493993637,4.844742756983733,0.06494657147288396,1.284112748799476,10,361,20,True,True
population-044404,,fewer_than_required_complete_ilp_cycles,,,,,0,0,0,True,True
population-044503,,fewer_than_required_complete_ilp_cycles,,,,,0,0,0,True,False
population-044523,False,,1.0459992971759355,2.846241343941088,0.1116954735576301,5.944984857687997,19,688,23,True,True
population-044794,,fewer_than_required_complete_ilp_cycles,,,,,0,0,0,True,True
population-044848,False,,-0.5356383618021927,0.5852955405476733,0.8546195636409613,3.253012048192772,20,667,22,True,False
population-044864,,fewer_than_required_complete_ilp_cycles,,,,,0,0,0,True,True
population-044899,False,,-0.3739759471327172,0.6879934598453461,0.8217229835053805,14.08648554840442,20,656,88,True,False
population-044905,False,,0.12364197627022427,1.1316106549976752,0.35023747507355174,5.064106679138307,22,1063,130,True,False
population-045086,,fewer_than_required_complete_ilp_cycles,,,,,0,0,0,False,
population-045099,False,,1.083567043019833,2.9552021057491804,0.15734934756690788,1.435672760973965,4,106,9,True,True
population-045102,,fewer_than_required_complete_ilp_cycles,,,,,0,0,0,True,True
population-045400,False,,0.2864993600859771,1.3317573156837552,0.24631420736288123,2.4000263835007174,20,683,53,True,False
population-045405,,fewer_than_required_complete_ilp_cycles,,,,,0,0,0,True,
population-045480,,fewer_than_required_complete_ilp_cycles,,,,,0,0,0,True,False
population-045519,,fewer_than_required_complete_ilp_cycles,,,,,0,0,0,False,
population-045527,False,,0.11791305939917185,1.1251462862207717,0.41948518371461274,6.4043674698795146,16,550,27,True,False
population-045563,,seizure_days_below_minimum,,,,,0,0,0,True,
population-045724,False,,1.7951218400223943,6.020208179423496,0.054414080527939945,3.576794740109724,4,100,13,True,True
population-045823,,fewer_than_required_complete_ilp_cycles,,,,,0,0,0,True,True
population-045966,,fewer_than_required_complete_ilp_cycles,,,,,0,0,0,True,True
population-046379,,fewer_than_required_complete_ilp_cycles,,,,,0,0,0,False,
population-046445,False,,0.26923750909619404,1.3089659954601605,0.3188667985844672,18.74401147307848,14,620,71,True,False
population-046493,False,,-1.4561510983335846,0.23313185170282755,0.9328446427369029,11.88734449367946,11,414,7,True,False
population-046508,,fewer_than_required_complete_ilp_cycles,,,,,0,0,0,False,
population-046511,False,,-0.314609055570807,0.7300742369407782,0.6671323180355146,7.562557924003713,11,369,15,True,False
population-046587,,fewer_than_required_complete_ilp_cycles,,,,,0,0,0,True,False
population-046815,True,,0.7915704479023818,2.2068594641001824,0.010242738274923502,9.543329728828951,28,1032,133,True,True
population-046821,,fewer_than_required_complete_ilp_cycles,,,,,0,0,0,False,
population-046827,False,,0.9135540451726818,2.4931676365296633,0.2101122804167278,11.830480776085677,13,468,13,True,True
population-046947,,fewer_than_required_complete_ilp_cycles,,,,,0,0,0,True,True
population-047268,False,,-0.12555430121387012,0.8820078690287243,0.6515442660768013,5.140925153493785,24,900,88,True,False
population-047289,False,,-0.28006569829532896,0.7557340893833207,0.7005630567943282,32.19397829032192,24,830,98,True,False
population-047336,False,,0.6414807014929909,1.899291081396141,0.11384588024708675,16.474197836233568,15,589,84,True,True
population-047557,False,,-0.12595540373935404,0.8816541643856151,0.5490083300859736,18.850696990591224,4,120,19,True,False
population-047591,False,,-0.04842722488077511,0.9527266715800851,0.5376795725919121,21.64278726258099,19,645,58,True,False
population-047865,False,,-0.7084215691412828,0.4924208366080986,0.8910782162160505,15.676997477470358,11,370,52,True,False
population-048205,,fewer_than_required_complete_ilp_cycles,,,,,0,0,0,True,False
population-048259,,fewer_than_required_complete_ilp_cycles,,,,,0,0,0,True,False
population-048341,,fewer_than_required_complete_ilp_cycles,,,,,0,0,0,True,False
population-048475,,fewer_than_required_complete_ilp_cycles,,,,,0,0,0,True,False
population-048752,,fewer_than_required_complete_ilp_cycles,,,,,0,0,0,True,False
population-048831,,fewer_than_required_complete_ilp_cycles,,,,,0,0,0,True,
population-048941,,fewer_than_required_complete_ilp_cycles,,,,,0,0,0,True,True
population-048999,,fewer_than_required_complete_ilp_cycles,,,,,0,0,0,False,
population-049070,,fewer_than_required_complete_ilp_cycles,,,,,0,0,0,True,False
population-049138,False,,-0.731580661541532,0.48114785678859096,0.8880713044078254,5.957516218721046,21,753,18,True,False
population-049298,,fewer_than_required_complete_ilp_cycles,,,,,0,0,0,False,
population-049625,False,,-0.1570249159237137,0.8546827633418571,0.607660921180235,1.7265987025023215,13,536,24,True,False
population-049626,,fewer_than_required_complete_ilp_cycles,,,,,0,0,0,True,True
population-049775,,fewer_than_required_complete_ilp_cycles,,,,,0,0,0,False,
population-049819,False,,-0.45600757318973684,0.6338090371242784,0.8596322220544987,5.76135689896536,15,391,48,True,False
population-049901,False,,-0.5447691312902511,0.5799756661183021,0.876426652481317,0.9995480970289312,11,373,25,True,False
population-049951,False,,21.145889081996785,1525959274.9424872,0.49957564230522933,12.400370713623737,10,361,6,True,True
