table_type,subset,cohort,window_type,window_value,definition,phase_mode,assumption_based_historical,n_windows,n_classifiable,positives,false_positive_rate,wilson95_low,wilson95_high,indeterminate_rate,positive_rate_all_attempted,unstable_denominator,interpretation_note
window_false_positive,all,healthy_ovulatory,cycle,3,A_exact_any,strict_herzog,False,50000,18803,8501,0.452108706057544,0.4450053835078214,0.4592315930231151,0.6239399999999999,0.17002,False,
window_false_positive,all,population,cycle,3,A_exact_any,strict_herzog,False,50000,15291,6285,0.4110260937806553,0.4032508556644992,0.41884602534430854,0.69418,0.1257,False,
window_false_positive,ge_1_seizure_day_per_month,healthy_ovulatory,cycle,3,A_exact_any,strict_herzog,False,36434,18544,8247,0.4447260569456428,0.43758592652686024,0.4518890830287614,0.4910248668825822,0.22635450403469287,False,
window_false_positive,ge_1_seizure_day_per_month,population,cycle,3,A_exact_any,strict_herzog,False,36357,15067,6073,0.4030663038428353,0.39525973081745186,0.4109222923972911,0.5855818686910361,0.16703798443215886,False,
window_false_positive,ge_2_seizures_per_month,healthy_ovulatory,cycle,3,A_exact_any,strict_herzog,False,29512,16924,7073,0.4179272039706925,0.4105158490153443,0.42537580871562697,0.4265383572783952,0.2396652209270805,False,
window_false_positive,ge_2_seizures_per_month,population,cycle,3,A_exact_any,strict_herzog,False,29413,13744,5174,0.37645518044237486,0.36839081623635805,0.3845885870996394,0.5327236256077245,0.17590861183830278,False,
window_false_positive,strict_23_35_day_cycles_only,healthy_ovulatory,cycle,3,A_exact_any,strict_herzog,False,35181,18803,8501,0.452108706057544,0.4450053835078214,0.4592315930231151,0.4655353742076689,0.24163611040050026,False,
window_false_positive,strict_23_35_day_cycles_only,population,cycle,3,A_exact_any,strict_herzog,False,28690,15291,6285,0.4110260937806553,0.4032508556644992,0.41884602534430854,0.46702683861972816,0.21906587661205995,False,
window_false_positive,window_seizure_days_0_to_3,healthy_ovulatory,cycle,3,A_exact_any,strict_herzog,False,16303,719,636,0.8845618915159944,0.8591335667996765,0.9059027952571042,0.9558976875421702,0.03901122492792738,True,unstable; not interpreted
window_false_positive,window_seizure_days_0_to_3,population,cycle,3,A_exact_any,strict_herzog,False,15884,584,507,0.8681506849315068,0.8382894440167595,0.8932003030021903,0.9632334424578192,0.03191891211281793,True,unstable; not interpreted
window_false_positive,window_seizure_days_4_to_7,healthy_ovulatory,cycle,3,A_exact_any,strict_herzog,False,11843,4488,2594,0.5779857397504456,0.5634758719433007,0.5923622194981059,0.6210419657181457,0.21903233977877226,False,
window_false_positive,window_seizure_days_4_to_7,population,cycle,3,A_exact_any,strict_herzog,False,11646,3579,1902,0.5314333612740989,0.5150599127066965,0.5477394052609089,0.6926841834106131,0.16331787738279238,False,
window_false_positive,window_seizure_days_8_to_15,healthy_ovulatory,cycle,3,A_exact_any,strict_herzog,False,18198,11352,4575,0.40301268498942916,0.3940239012779238,0.41206708652029106,0.376195186284207,0.2514012528849324,False,
window_false_positive,window_seizure_days_8_to_15,population,cycle,3,A_exact_any,strict_herzog,False,17820,9186,3329,0.3623993032876116,0.35262872147776886,0.3722849224269858,0.48451178451178456,0.18681257014590347,False,
window_false_positive,window_seizure_days_ge_16,healthy_ovulatory,cycle,3,A_exact_any,strict_herzog,False,3656,2244,696,0.31016042780748665,0.29136013897716406,0.3296095710276543,0.38621444201312916,0.19037199124726478,False,
window_false_positive,window_seizure_days_ge_16,population,cycle,3,A_exact_any,strict_herzog,False,4650,1942,547,0.28166838311019565,0.2621087625845345,0.3020900593924919,0.5823655913978494,0.11763440860215053,False,
window_false_positive,seizure_frequency:1 to <4 seizure-days/month,healthy_ovulatory,cycle,3,A_exact_any,strict_herzog,False,27175,11635,5644,0.48508809626128063,0.47601334824214825,0.4941726877797601,0.5718491260349585,0.20769089236430543,False,
window_false_positive,seizure_frequency:1 to <4 seizure-days/month,population,cycle,3,A_exact_any,strict_herzog,False,27072,9394,4133,0.4399616776665957,0.4299504274101507,0.4500220104158488,0.6529994089834515,0.15266696217494088,False,
window_false_positive,seizure_frequency:4 to <10 seizure-days/month,healthy_ovulatory,cycle,3,A_exact_any,strict_herzog,False,10134,6576,2392,0.3637469586374696,0.35220225019424894,0.37545076223544865,0.35109532267613974,0.23603710282218276,False,
window_false_positive,seizure_frequency:4 to <10 seizure-days/month,population,cycle,3,A_exact_any,strict_herzog,False,10124,5389,1760,0.3265912043050659,0.3141976760933827,0.3392317795523034,0.46770051363097587,0.17384433030422758,False,
window_false_positive,seizure_frequency:<1 seizure-day/month,healthy_ovulatory,cycle,3,A_exact_any,strict_herzog,False,12691,592,465,0.785472972972973,0.7506209862074656,0.8166440051695677,0.9533527696793003,0.03664013868095501,True,unstable; not interpreted
window_false_positive,seizure_frequency:<1 seizure-day/month,population,cycle,3,A_exact_any,strict_herzog,False,12804,508,392,0.7716535433070866,0.7331922032077693,0.8060372695979632,0.9603248984692284,0.03061543267728835,True,unstable; not interpreted
window_false_positive,cycle_regularity:SD cycle length 2 to <4 days,healthy_ovulatory,cycle,3,A_exact_any,strict_herzog,False,4048,1608,714,0.44402985074626866,0.41990690032353156,0.46841958550113677,0.6027667984189724,0.17638339920948617,False,
window_false_positive,cycle_regularity:SD cycle length 2 to <4 days,population,cycle,3,A_exact_any,strict_herzog,False,2579,944,394,0.4173728813559322,0.38631261772761405,0.4491028955438825,0.6339666537417603,0.1527723924001551,True,unstable; not interpreted
window_false_positive,cycle_regularity:SD cycle length <2 days,healthy_ovulatory,cycle,3,A_exact_any,strict_herzog,False,14338,7720,3567,0.4620466321243523,0.4509469811000194,0.47318403542534127,0.4615706514158181,0.24877946715023017,False,
window_false_positive,cycle_regularity:SD cycle length <2 days,population,cycle,3,A_exact_any,strict_herzog,False,11104,5804,2533,0.43642315644383184,0.42371041121064706,0.4492200044639823,0.4773054755043228,0.22811599423631124,False,
window_false_positive,cycle_regularity:SD cycle length >=4 days,healthy_ovulatory,cycle,3,A_exact_any,strict_herzog,False,31614,9475,4220,0.44538258575197887,0.435399310341317,0.45541013040137374,0.7002910103118871,0.13348516480040487,False,
window_false_positive,cycle_regularity:SD cycle length >=4 days,population,cycle,3,A_exact_any,strict_herzog,False,36317,8543,3358,0.39307034999414725,0.38276331131746155,0.4034735097581814,0.7647658121540877,0.09246358454718176,False,
